global_step,1776624639-grad-compression=none - charts/episodic_return,1776628684-grad-compression=accumulate-grads - charts/episodic_return,1776636519-grad-compression=accumulate-grads - charts/episodic_return
-3096,-49.090908,-49.090908,-49.090908
-2095,-57.627117,-57.627117,-57.627117
-1094,-54.248367,-54.248367,-54.248367
-93,-48.63014,-48.63014,-48.63014
908,-45.652172,-45.652172,-45.652172
1909,-45.255474,-45.255474,-45.255474
2910,-48.71795,-48.71795,-48.71795
3911,-42.446045,-42.446045,-42.446045
4912,-33.085503,-33.085503,-33.085503
5913,-31.97279,-31.97279,-31.97279
6914,-30.147058,-30.147058,-30.147058
7915,-32.20339,-32.20339,-32.20339
8916,-40.99379,-40.99379,-40.99379
9917,-30.131004,-30.131004,-30.131004
10918,-28.825623,-28.825623,-28.825623
11919,-50.704224,-50.704224,-50.704224
12920,-44.272446,-44.272446,-44.272446
13921,-55.6314,-55.6314,-55.6314
14922,-25.531916,-25.531916,-25.531916
15923,-56.790123,-56.790123,-56.790123
16924,-49.860725,-49.860725,-49.860725
17925,-67.741936,-67.741936,-67.741936
18926,-56.25,-56.25,-56.25
19927,-61.03896,-61.03896,-61.03896
20928,-20.152092,-20.152092,-20.152092
21929,-39.79933,-39.79933,-39.79933
22930,-75.30864,-75.30864,-75.30864
23931,-51.140064,-51.140064,-51.140064
24932,-57.79221,-57.79221,-57.79221
25933,-72.22222,-72.22222,-72.22222
26934,-67.97153,-67.97153,-67.97153
27935,-55.489613,-55.489613,-55.489613
28936,-76.26113,-76.26113,-76.26113
29937,-63.190186,-63.190186,-63.190186
30938,-63.636364,-63.636364,-63.636364
31939,-48.553055,-48.553055,-48.553055
32940,-73.42193,-73.42193,-73.42193
33941,-77.46479,-77.46479,-77.46479
34942,-69.49152,-69.49152,-69.49152
35943,-63.190186,-63.190186,-63.190186
36944,-68.53147,-61.53846,-65.034966
37945,-66.54275,-70.26022,-66.54275
38946,-72.50859,-75.945015,-75.945015
39947,-67.53247,-70.77922,-70.77922
40948,-79.86577,-59.731544,-76.51007
41949,-81.92771,-81.92771,-81.92771
42950,-76.190475,-67.2619,-61.309525
43951,-76.27119,-59.322033,-55.932205
44952,-79.31035,-68.965515,-68.965515
45953,-71.42857,-71.42857,-67.85714
46954,-73.8806,-66.41791,-70.149254
47955,-69.040245,-65.944275,-62.848297
48956,-77.917984,-81.072556,-77.917984
49957,-74.02597,-61.03896,-61.03896
50958,-63.114754,-50.81967,-59.01639
51959,-79.45206,-62.328766,-69.178085
52960,-74.68355,-71.51899,-71.51899
53961,-75.77855,-79.238754,-75.77855
54962,-79.166664,-58.333332,-58.333332
55963,-73.8806,-55.22388,-58.955223
56964,-73.59736,-63.69637,-66.9967
57965,-78.49462,-78.49462,-71.326164
58966,-71.53025,-64.41281,-71.53025
59967,-71.6312,-60.99291,-57.446808
60968,-70.588234,-77.94118,-59.558823
61969,-60.474308,-60.474308,-40.711464
62970,-80.645164,-80.645164,-61.29032
63971,-77.04918,-70.491806,-67.21311
64972,-79.238754,-79.238754,-79.238754
65669,,,-144.4104
65973,-78.49462,-78.49462,
66670,,,-48.90511
66974,-63.50365,-67.15328,
67671,,,-70.39474
67975,-80.26316,-57.236843,
68244,,,-135.59462
68976,-71.326164,-56.989246,
69245,,,-77.917984
69977,-77.917984,-77.917984,
70246,,,-36.24161
70978,-79.86577,-49.66443,
71247,,,-66.442955
71979,-63.08725,-73.154366,
72070,,,-158.04501
72980,-72.50859,-51.890034,
73071,,,-63.963963
73981,-78.97898,-45.945946,
74072,,,-68.25397
74982,-36.50794,-68.25397,
75073,,,-21.052631
75983,-73.68421,-73.68421,
76074,,,-46.360153
76984,-50.19157,-65.51724,
77075,,,-55.284554
77985,-55.284554,-55.284554,
78076,,,-36.666668
78986,-76.666664,-70,
79077,,,-55.71956
79987,-70.479706,-37.26937,
80078,,,-47.019867
80988,-76.82119,-63.57616,
81079,,,-65.034966
81989,-75.524475,-58.041958,
82080,,,-35.153584
82990,-65.87031,-52.21843,
83081,,,-51.851852
83991,-59.25926,-74.07407,
84082,,,-39.873417
84992,-65.18987,-71.51899,
85083,,,27.795527
85993,-64.85623,-55.271564,
86084,,,-73.28244
86994,-73.28244,-69.46565,
87085,,,-4.4117646
87995,-33.82353,-44.85294,
88086,,,-15.094339
88996,-77.98742,-49.685535,
89087,,,-53.488373
89997,-63.45515,-63.45515,
90088,,,-39.285713
90998,-60.714287,-71.42857,
91089,,,-22.839506
91999,-56.790123,-72.22222,
92090,,,-49.044586
93000,-33.121017,-52.229298,
93091,,,-57.894737
94001,-33.333332,-19.298246,
94092,,,-36.708862
95002,-65.18987,-33.544304,
95093,,,-56.989246
96003,-78.49462,-49.82079,
96094,,,-34.615383
97004,-34.615383,-65.38461,
97095,,,-72.60274
98005,-79.45206,-72.60274,
98096,,,-33.085503
99006,-73.97769,-55.390335,
99097,,,48.387096
100007,-25.806452,-38.70968,
100098,,,-11.864407
101008,-8.474576,-28.813559,
101099,,,-63.81579
102009,-57.236843,-50.657894,
102100,,,-66.666664
103010,130,-60,
103101,,,67.25979
104011,-11.032028,74.37723,
104102,,,-64.91228
105012,-22.807018,-22.807018,
105103,,,-28.338762
106013,-34.85342,-70.68404,
106104,,,-48.275864
106809,-155.26207,,
107014,,3.4482758,
107105,,,-54.225353
107810,-75.35211,,
108015,,-64.788734,
108106,,,-66.9967
108811,-43.89439,,
109016,,-43.89439,
109072,,,-172.75136
109812,-35.81081,,
110017,,75.675674,
110073,,,-76.58863
110813,-56.52174,,
111018,,-3.0100334,
111074,,,-9.090909
111814,-16.363636,,
112019,,-5.4545455,
112075,,,-36.32959
112815,49.812733,,
113020,,68.53933,
113076,,,-74.545456
113816,16.363636,,
114021,,136.36363,
114077,,,-44.827587
114774,-88.703445,,
114867,,,-152.6562
115022,,17.241379,
115775,73.202614,,
115868,,,-4.255319
116023,,-21.568628,
116776,151.77306,,
116869,,,-35.114502
117024,,204.96454,
117777,6.8702292,,
117870,,,-1.8987342
118025,,37.40458,
118778,-62.02532,,
118871,,,-75.08897
119026,,254.43037,
119779,17.437723,,
119872,,,-42.67516
120027,,24.55516,
120780,119.745224,,
120873,,,34.69388
121028,,-1.2738854,
121781,67.34694,,
121874,,,-22.48062
122029,,83.67347,
122782,-26.356588,,
122875,,,-43.037975
123030,,78.29457,
123783,29.746836,,
123876,,,-3.5369775
124031,,39.240505,
124784,-29.26045,,
124877,,,-72.50859
125032,,-6.7524114,
125785,3.0927835,,
125878,,,-70.26022
126033,,37.457047,
126786,63.56877,,
126879,,,-30.232557
127034,,15.241635,
127787,-76.74419,,
127880,,,-35.59322
128035,,185.71428,
128788,79.66102,,
128881,,,19.047619
129036,,62.711864,
129789,49.659863,,
129882,,,-59.752323
130037,,206.12245,
130790,-25.696594,,
130883,,,-40
131038,,39.318886,
131791,-23.333334,,
131835,,,-128.33333
132039,,86.666664,
132792,166.66667,,
132836,,,-72.413795
133040,,47.36842,
133793,100,,
133837,,,30.29316
134041,,68.965515,
134794,-34.85342,,
134838,,,-60.784313
135042,,206.18892,
135795,318.30066,,
135839,,,11.111111
136043,,79.73856,
136796,18.518518,,
136840,,,12.582782
137044,,55.555557,
137797,19.205297,,
137841,,,64.91228
138045,,15.89404,
138485,,,-72.6507
138798,159.64912,,
139046,,92.98245,
139486,,,21.8638
139799,329.57745,,
140047,,153.52113,
140487,,,-27.899687
140800,-31.899641,,
141048,,193.90681,
141488,,,148.3871
141801,113.166145,,
142049,,47.335423,
142489,,,-18.149466
142802,61.29032,,
143050,,180.64516,
143490,,,-17.525774
143803,202.4911,,
144051,,202.4911,
144491,,,-23.61111
144804,219.58763,,
145052,,-10.652921,
145492,,,-31.654676
145805,132.63889,,
146053,,118.75,
146493,,,-47.712418
146806,252.51799,,
147054,,205.7554,
147494,,,8.474576
147807,-57.51634,,
148055,,213.7255,
148495,,,-41.979523
148808,-35.59322,,
149056,,316.94916,
149496,,,91.17647
149809,254.9488,,
150057,,241.29692,
150497,,,42.857143
150810,2.9411764,,
151058,,293.38235,
151498,,,-47.712418
151811,263.09525,,
152059,,60.714287,
152499,,,-34.42623
152812,76.47059,,
153060,,181.04575,
153500,,,42.372883
153813,372.13113,,
154061,,326.22952,
154501,,,95.87629
154814,191.52542,,
155062,,-38.98305,
155502,,,163.1579
155815,161.16838,,
156063,,89.00343,
156503,,,52.34375
156816,338.5965,,
157064,,194.73685,
157504,,,15.89404
157817,224.21875,,
158065,,181.25,
158505,,,17.647058
158818,231.12582,,
159066,,181.45695,
159506,,,-38.11075
159819,200.3096,,
160067,,79.56657,
160507,,,160.60606
160820,193.1596,,
161068,,98.69707,
161508,,,58.91473
161821,184.84848,,
162069,,-21.212122,
162509,,,-31.15942
162822,105.42635,,
163070,,256.58914,
163510,,,77.51479
163823,273.18842,,
164071,,15.942029,
164511,,,203.37079
164824,376.33136,,
165072,,160.35503,
165512,,,-19.35484
165825,195.88014,,
166073,,117.22846,
166513,,,45.098038
166826,151.6129,,
167074,,-58.064518,
167514,,,66.06498
167827,150.9804,,
168075,,56.862743,
168515,,,29.15129
168828,239.35017,,
169076,,66.06498,
169516,,,45.695366
169829,431.36533,,
170077,,280.0738,
170517,,,-17.647058
170830,317.21854,,
171078,,78.807945,
171518,,,88.92508
171831,194.11765,,
172079,,150,
172519,,,158.74126
172832,141.04234,,
173080,,75.89577,
173520,,,50.877193
173833,193.7063,,
174081,,127.27273,
174138,,,-4.973494
174834,335.0877,,
175082,,198.24562,
175139,,,176.66667
175835,305.6225,,
176083,,345.78314,
176140,,,283.87097
176836,436.66666,,
177084,,190,
177141,,,90.29851
177837,535.4839,,
178085,,303.2258,
178142,,,131.31673
178838,325.37314,,
179086,,329.1045,
179143,,,143.63637
179839,394.66193,,
180087,,280.78293,
180144,,,97.231834
180840,256.36365,,
181088,,278.18182,
181145,,,149.08424
181814,,,-63.14013
181841,661.24567,,
182089,,263.3218,
182815,,,62.576687
182842,449.45056,,
183090,,134.43224,
183816,,,320.71198
183843,116.828476,,
184091,,97.411,
184817,,,99.203186
184844,396.93253,,
185092,,123.926384,
185818,,,82.38994
185845,469.57928,,
186093,,298.05826,
186819,,,84.95298
186846,238.64542,,
187094,,489.64145,
187820,,,67.83217
187847,267.92453,,
188095,,157.86163,
188821,,,170.75812
188848,210.34483,,
189096,,-21.630095,
189822,,,162.97578
189849,739.1608,,
190097,,162.23776,
190823,,,259.6838
190850,452.34656,,
191098,,188.80867,
191824,,,70.21277
191851,467.47406,,
192099,,131.83391,
192825,,,68.35017
192852,761.6601,,
193100,,188.53755,
193826,,,144.29967
193853,371.6312,,
194101,,478.0142,
194827,,,183.82838
194854,472.39056,,
195102,,280.47137,
195828,,,131.83391
195855,388.59933,,
196103,,255.04886,
196829,,,203.44827
196856,395.0495,,
197104,,286.1386,
197830,,,314.14142
197857,564.35986,,
198105,,207.95848,
198831,,,458.13953
198858,668.9655,,
199106,,96.55173,
199832,,,351.85184
199859,536.36365,,
200107,,546.46466,
200833,,,246.3035
200860,587.70764,,
201108,,657.4751,
201834,,,349.5114
201861,744.44446,,
202109,,355.55554,
202835,,,247.22223
202862,347.47083,,
203110,,121.78989,
203836,,,435.94772
203863,277.85016,,
204111,,98.69707,
204837,,,344.8052
204864,205.55556,,
205112,,236.80556,
205543,-7.569281,,
205838,,,477.28708
206113,,569.93463,
206544,387.013,,
206839,,,170.46263
207114,,182.46753,
207287,,,-15.150162
207545,95.583595,,
208115,,392.11356,
208288,,,108.05369
208546,440.92526,,
209116,,67.25979,
209289,,,51.612904
209547,220.38835,,
210117,,107.11974,
210290,,,169.34984
210548,202.01343,,
211118,,262.4161,
211125,16.693548,,
211291,,,667.60565
212119,,38.70968,
212126,519.19507,,
212292,,,222.34433
213120,,451.0836,
213127,473.94366,,
213293,,,381.84818
214121,,188.73239,
214128,178.38828,,
214294,,,123.24159
214655,-23.787128,,
215122,,233.33333,
215295,,,228.76712
215656,184.40367,,
216123,,25.41254,
216296,,,289.9371
216657,310.9589,,
217124,,309.78592,
217297,,,317.26617
217658,208.1761,,
218125,,242.46576,
218298,,,301.3378
218659,105.03597,,
219126,,261.63522,
219299,,,366.0194
219660,532.107,,
220127,,817.2662,
220300,,,81.818184
220661,404.85437,,
221128,,321.4047,
221301,,,241.93549
221662,107.792206,,
222129,,476.0518,
222302,,,418.0723
222663,500,,
223130,,335.06494,
223303,,,619.7232
223664,418.0723,,
224131,,603.2258,
224304,,,435.461
224665,657.78546,,
225132,,550.6024,
225305,,,388.74597
225666,548.93616,,
226133,,304.8443,
226306,,,398.37134
226667,555.94855,,
227084,-11.2068405,,
227134,,375.1773,
227307,,,434.81012
228085,387.34177,,
228135,,369.45337,
228308,,,-11.671925
229086,382.64984,,
229136,,509.1205,
229309,,,104.15225
230087,259.8616,,
230137,,362.02533,
230310,,,513.5593
231088,520.339,,
231138,,404.73187,
231311,,,289.26175
232089,376.51007,,
232139,,93.77163,
232312,,,593.37976
233090,408.71082,,
233140,,564.4068,
233313,,,618.5185
234091,840.7407,,
234141,,755.7047,
234314,,,395.20767
235092,577.3163,,
235142,,276.3066,
235315,,,218.47134
236093,778.9809,,
236143,,774.0741,
236316,,,189.55225
237094,741.791,,
237144,,40.57508,
237317,,,295.63864
238095,466.97818,,
238145,,228.02548,
238318,,,375.08307
239096,644.18604,,
239146,,398.50748,
239319,,,654.78925
240097,689.27203,,
240147,,644.5483,
240320,,,671.5232
241098,856.9536,,
241148,,345.18274,
241321,,,166.66667
242099,662.96295,,
242149,,559.00385,
242322,,,237.79265
243100,421.73914,,
243150,,737.74835,
243323,,,461.53845
244101,884.61536,,
244151,,522.2222,
244324,,,749.6241
245102,869.9248,,
245152,,819.7324,
245325,,,381.203
246103,520.3008,,
246153,,334.6154,
246326,,,269.4779
247104,883.9357,,
247154,,72.93233,
247327,,,243.37349
248105,424.09637,,
248155,,452.6316,
248328,,,162.79863
249106,811.2628,,
249156,,891.9679,
249329,,,633.06775
250107,581.2749,,
250157,,252.40964,
250330,,,290.16394
251108,693.4426,,
251158,,746.4164,
251331,,,649.19617
252109,803.537,,
252159,,820.3187,
252332,,,684.5118
253110,519.5286,,
253160,,529.5082,
253333,,,446.62378
254111,57.55627,,
254161,,523.7942,
254334,,,577.7108
254482,,22.982155,
255112,653.012,,
255335,,,766.8942
255483,,240.83601,
256113,862.45734,,
256336,,,672.2772
256484,,204.21687,
257114,451.15512,,
257337,,,756.16437
257485,,401.70648,
258115,622.6027,,
258338,,,539.2405
258486,,12.211221,
259116,713.29114,,
259339,,,345.61404
259487,,471.91782,
260117,675.4386,,
260340,,,650.86505
260488,,232.27849,
261118,744.29065,,
261341,,,590.4762
261489,,205.26315,
262119,508.84354,,
262342,,,821.76874
262490,,117.99308,
263068,905.2,,
263343,,,434.65347
263491,,468.02722,
264069,758.0858,,
264344,,,384.21054
264492,,325.17007,
265070,429.82455,,
265345,,,211.11111
265493,,233.33333,
266071,322.22223,,
266346,,,607.9038
266494,,408.77194,
267072,872.5086,,
267347,,,791.8033
267495,,49.20635,
268073,896.7213,,
268348,,,818.30066
268496,,429.20963,
268789,,,31.357733
269074,612.4183,,
269497,,473.77048,
269790,,,289.38052
270075,267.6976,,
270498,,494.77124,
270791,,,874.4526
271076,543.0679,,
271499,,319.244,
271792,,,34.680134
272077,889.0511,,
272500,,206.78467,
272793,,,765.1316
273078,489.2256,,
273501,,892.70074,
273794,,,871.9298
274079,525,,
274502,,172.72728,
274795,,,564.38354
275080,559.6491,,
275503,,350.6579,
275796,,,602.4221
276081,560.9589,,
276504,,264.9123,
276797,,,260.54422
277082,675.0865,,
277505,,550.68494,
277798,,,266.24203
278083,760.5442,,
278506,,796.1938,
278799,,,820.1278
279084,466.87897,,
279507,,36.05442,
279800,,,762.27545
280085,625.2396,,
280508,,237.57962,
280801,,,502.00668
281086,325.1497,,
281509,,347.28433,
281721,,,908.1
282087,716.0535,,
282510,,423.9521,
282722,,,760.80585
283088,820,,
283511,,542.14044,
283723,,,739.34424
284089,584.9817,,
284512,,808,
284724,,,382.03592
285090,322.9508,,
285410,20.894611,,
285513,,592.3077,
285725,,,798.8764
285806,,34.834427,
286339,,17.558683,
286411,716.47943,,
286726,,,866.2921
287340,,57.30337,
287412,502.99625,,
287727,,,519.86304
288341,,851.31085,
288413,584.9315,,
288728,,,661.7555
289342,,564.38354,
289414,580.2508,,
289729,,,853.02014
290341,907.4,,
290343,,191.53606,
290730,,,826.9231
291342,850,,
291344,,232.21477,
291731,,,656.09753
292343,534.14636,,
292345,,430.76923,
292732,,,888.9706
293344,815.44116,,
293346,,384.7561,
293733,,,244.9367
294345,301.89874,,
294347,,797.05884,
294734,,,604.8611
295346,400,,
295348,,146.83545,
295735,,,302.73038
296347,527.9863,,
296349,,403.47223,
296736,,,473.4767
297348,434.05017,,
297350,,248.12286,
297737,,,268.9655
298349,806.89655,,
298351,,462.72403,
298738,,,632.52277
299350,523.1003,,
299352,,48.275864,
299739,,,583.5017
300351,772.0539,,
300353,,51.975685,
300740,,,361.53845
301352,502.56412,,
301354,,566.6667,
301741,,,619.06354
302289,906.4,,
302355,,291.02563,
302742,,,573.913
303290,667.08075,,
303356,,431.77258,
303743,,,492.19858
304291,439.00708,,
304357,,238.50932,
304744,,,228.17337
305292,602.7864,,
305358,,460.2837,
305745,,,623.24725
306293,331.7343,,
306359,,379.87616,
306746,,,772.093
307294,822.4806,,
307360,,789.2989,
307747,,,791.38574
308295,491.76028,,
308361,,415.50388,
308748,,,829.76587
309296,505.35117,,
309362,,267.0412,
309749,,,281.2709
310297,411.7057,,
310363,,435.11707,
310750,,,325.92593
311298,859.2593,,
311364,,324.74918,
311751,,,281.48148
312299,844.44446,,
312365,,237.03703,
312752,,,677.3585
313300,866.0377,,
313366,,474.07407,
313753,,,346.8085
314301,334.65045,,
314367,,390.56604,
314754,,,448.8506
315302,641.37933,,
315368,,206.99088,
315755,,,639.54987
316303,430.54663,,
316369,,402.87357,
316756,,,592.5926
317304,837.03705,,
317370,,520.5788,
317757,,,480.88235
318305,370.58823,,
318371,,374.07407,
318758,,,394.73685
319306,822.807,,
319372,,385.29413,
319759,,,486.88525
320307,736.06555,,
320373,,391.22806,
320760,,,475.94937
321308,267.0886,,
321374,,385.2459,
321761,,,205.92105
322309,837.5,,
322375,,494.9367,
322762,,,631.3916
323310,534.3042,,
323376,,442.76315,
323763,,,400
324311,712.9032,,
324377,,395.14563,
324764,,,268.23105
325312,827.79785,,
325378,,287.09677,
325765,,,663.0662
326313,370.38327,,
326379,,275.45126,
326766,,,243.04207
327314,391.9094,,
327380,,237.9791,
327767,,,800
328315,314.2857,,
328381,,90.938515,
328768,,,218.31831
329316,530.6306,,
329382,,239.28572,
329769,,,417.11026
330317,744.10645,,
330383,,437.53754,
330770,,,715.2866
331223,,916.1,
331318,833.12103,,
331771,,,298.67108
332224,,485.98727,
332319,787.0432,,
332772,,,567.88324
333225,,182.39203,
333320,757.66425,,
333773,,,502.78745
334226,,363.50366,
334321,429.61673,,
334774,,,642.8571
335227,,335.54007,
335322,503.57144,,
335775,,,775.817
336228,,478.57144,
336323,514.3791,,
336776,,,591.52545
337229,,305.22876,
337324,645.7627,,
337777,,,302.17392
338230,,310.1695,
338325,827.53625,,
338778,,,313.42755
339231,,34.057972,
339326,543.10956,,
339779,,,260.26935
340232,,769.25793,
340327,381.48148,,
340780,,,180.52805
341233,,280.47137,
341328,461.0561,,
341781,,,430.4054
342234,,490.75906,
342329,839.1892,,
342782,,,641.4966
343235,,433.78378,
343330,702.72107,,
343783,,,599.32434
344236,,587.0748,
344331,315.54053,,
344784,,,460.2837
345237,,383.1081,
345332,513.47516,,
345785,,,452.28757
346238,,722.695,
346250,,,27.741299
346333,337.9085,,
347239,,553.5948,
347251,,,351.04895
347334,410.3245,,
347606,,,11.847147
348240,,212.68437,
348335,844.05597,,
348607,,,380.56537
349241,,326.57343,
349336,212.31232,,
349608,,,480.29196
350242,,341.44144,
350337,815.19434,,
350609,,,800.8264
351243,,256.89047,
351338,746.71533,,
351533,,75.57956,
351610,,,463.7584
352339,792.562,,
352534,,424.7934,
352611,,,519.2171
353340,436.91275,,
353535,,292.61746,
353612,,,239.28572
354341,316.37012,,
354536,,387.5445,
354613,,,791.3043
355342,403.57144,,
355537,,267.85715,
355614,,,275
356343,530.43475,,
356538,,461.5942,
356615,,,269.63696
357344,775,,
357539,,723.5294,
357616,,,292.61746
358345,668.97687,,
358540,,441.25412,
358617,,,480.756
359346,302.68457,,
359541,,400,
359618,,,255.61497
360347,377.66324,,
360542,,271.13403,
360619,,,295.1049
361348,383.9572,,
361543,,210.16043,
361620,,,334.30658
362349,571.3287,,
362544,,361.53845,
362621,,,245.76271
363350,710.219,,
363545,,724.8175,
363622,,,534.9693
364351,388.1356,,
364546,,374.57626,
364623,,,445.74133
365352,479.7546,,
365547,,160.73619,
365624,,,214.28572
366353,849.5268,,
366548,,262.77603,
366625,,,809.7744
367354,585.7143,,
367549,,432.14285,
367626,,,352.89856
368355,738.3459,,
368550,,272.18045,
368627,,,497.0696
369356,816.6667,,
369551,,352.89856,
369628,,,277.10437
370357,797.4359,,
370552,,489.7436,
370629,,,375.88425
371358,684.5118,,
371553,,145.79124,
371630,,,311.7647
372359,199.03537,,
372554,,289.06754,
372631,,,561.07385
373360,602.2059,,
373555,,304.41177,
373632,,,272.23975
374361,242.28188,,
374556,,238.92618,
374633,,,387.9725
375362,723.3439,,
375539,,,751.1808
375557,,202.83911,
376363,755.6701,,
376540,,,690.4762
376558,,432.64606,
377364,497.93814,,
377541,,,480.29196
377559,,322.68042,
378365,207.93651,,
378542,,,471.42856
378560,,563.49207,
379366,717.51825,,
379543,,,390.27237
379561,,257.66425,
380367,790.9774,,
380544,,,355.83038
380562,,411.2782,
381368,791.0506,,
381545,,,502.60587
381563,,359.14398,
382369,546.6431,,
382546,,,387.57764
382564,,267.49118,
383370,264.82086,,
383547,,,206.99088
383565,,23.778502,
384371,595.65216,,
384548,,,508.15048
384566,,167.08075,
385372,234.34651,,
385549,,,442.30768
385567,,131.00304,
386373,332.60187,,
386550,,,295.1049
386568,,207.21004,
387374,480.76923,,
387551,,,262.5
387569,,561.53845,
388375,309.0909,,
388552,,,510.1695
388570,,298.6014,
389376,496.875,,
389553,,,603.82166
389571,,171.875,
390377,896.61017,,
390554,,,389.29663
390572,,174.57628,
391378,476.43314,,
391555,,,339.25235
391573,,393.63058,
392379,273.08868,,
392556,,,448.8722
392574,,279.2049,
392960,153.62648,,
393557,,,647.6038
393575,,208.41121,
393961,482.70676,,
394558,,,592.0415
394576,,396.2406,
394962,379.23322,,
395559,,,513.2404
395577,,267.41214,
395963,394.8097,,
396560,,,240.42554
396578,,252.94118,
396964,398.25784,,
397561,,,574.2671
397579,,631.70734,
397965,456.73758,,
398562,,,615.82733
398580,,385.8156,
398966,196.41693,,
399563,,,379.7048
399581,,414.658,
399967,320.8633,,
400564,,,285.3503
400582,,317.26617,
400968,376.01477,,
401565,,,287.68115
401583,,117.71217,
401969,536.9427,,
402566,,,301.99335
402584,,266.24203,
402970,44.927536,,
403567,,,366.23795
403585,,389.13043,
403971,335.21594,,
404568,,,146.62163
404586,,255.48172,
404972,272.99036,,
405569,,,257.79816
405587,,256.91318,
405973,447.2973,,
406570,,,299.36102
406588,,180.40541,
406974,722.62994,,
407571,,,163.1579
407589,,447.4006,
407975,334.5048,,
408572,,,361.83206
408590,,184.34505,
408976,555.2632,,
409573,,,272.88135
409591,,160.52632,
409977,854.1985,,
410574,,,370.1195
410592,,281.67938,
410838,,,43.350174
410978,503.38983,,
411593,,215.25424,
411839,,,423.25583
411979,860.15936,,
412594,,326.29483,
412840,,,803.2258
412980,370.58823,,
413595,,152.59515,
413841,,,734.5865
413981,438.7597,,
414596,,407.75195,
414842,,,440
414982,545.1613,,
415597,,380.28674,
415843,,,437.594
415983,629.3233,,
416598,,309.77444,
416844,,,248.27586
416984,263.33334,,
417599,,276.66666,
417845,,,360.43164
417985,858.6466,,
418600,,448.8722,
418846,,,316.38226
418986,293.10345,,
419601,,255.17241,
419847,,,780.43475
419987,623.0216,,
420602,,727.33813,
420848,,,446.66666
420931,905.7,,
421603,,715.69965,
421849,,,633.8129
421932,787.68115,,
422604,,432.6087,
422850,,,209.27835
422933,374.66666,,
423605,,438.66666,
423851,,,245.86465
423934,853.2374,,
424606,,777.6978,
424852,,,290.84506
424935,460.13745,,
425607,,226.46048,
425853,,,671.8121
425936,896.2406,,
426608,,854.8872,
426854,,,408.96057
426937,276.76056,,
427609,,516.1972,
427855,,,254.0856
427938,517.44965,,
428610,,265.77182,
428856,,,325.78125
428939,828.3154,,
429611,,351.6129,
429857,,,482.14285
429940,794.94165,,
430612,,300.7782,
430858,,,344.44446
430941,388.28125,,
431613,,376.5625,
431859,,,291.30435
431942,439.2857,,
432614,,525,
432860,,,241.63701
432943,486.2069,,
433615,,382.7586,
433861,,,546.8647
433944,454.34784,,
434616,,700.7246,
434862,,,455.98456
434945,718.5053,,
435617,,394.66193,
435863,,,441.91617
435946,817.49176,,
436618,,292.7393,
436864,,,288.31616
436947,548.6486,,
437619,,301.5444,
437865,,,251.26582
437948,271.25748,,
438363,,,13.824124
438620,,241.31737,
438949,363.9175,,
439364,,,746.9751
439621,,353.60825,
439950,687.9747,,
440365,,,244.94774
440622,,251.26582,
440677,-12.966926,,
441366,,,196.41693
441623,,67.31518,
441678,373.3096,,
442367,,,300
442624,,383.98578,
442679,293.7282,,
443368,,,225.34247
443625,,210.10452,
443680,434.20197,,
444369,,,234.58647
444626,,53.094463,
444681,509.67743,,
445370,,,290.5724
445627,,258.0645,
445682,718.49316,,
446371,,,209.76431
446628,,540.41095,
446683,80.451126,,
447372,,,457.32483
447629,,61.654137,
447684,293.9394,,
448373,,,467.39813
448573,-20.349833,,
448630,,38.04714,
449374,,,613.78094
449574,349.0446,,
449631,,54.882156,
450375,,,313.53384
450575,320.06268,,
450632,,527.38855,
451058,,,12.112014
451576,483.03888,,
451633,,501.8809,
452059,,,552.4823
452577,433.8346,,
452634,,546.6431,
453060,,,340.89456
453578,437.10248,,
453635,,441.3534,
454061,,,609.92365
454314,,12.512014,
454579,758.156,,
455062,,,568.8103
455315,,364.539,
455580,289.77637,,
456063,,,317.29324
456316,,280.19168,
456581,873.2825,,
457064,,,491.5493
457317,,487.78625,
457582,385.53055,,
458065,,,483.60657
458318,,182.9582,
458583,587.9699,,
459066,,,578.9668
459319,,313.53384,
459584,382.39438,,
460067,,,828.0822
460320,,276.76056,
460585,83.60656,,
460943,,24.785246,
461068,,,750
461586,556.82654,,
461944,,316.97418,
462069,,,199.70326
462587,273.28766,,
462945,,283.56165,
463070,,,553.5948
463588,707.1429,,
463946,,217.85715,
464071,,,204.34782
464589,398.51633,,
464947,,33.53116,
465072,,,398.19495
465590,331.37256,,
465948,,203.92157,
466073,,,772.85223
466339,234.72029,,
466949,,396.3768,
467074,,,556.25
467340,253.79062,,
467950,,322.38266,
468075,,,502.3166
468341,769.41583,,
468951,,223.02405,
469076,,,330.97644
469342,577.0833,,
469952,,566.6667,
470077,,,407.9365
470343,872.97296,,
470953,,425.09653,
471078,,,479.5796
471344,815.8249,,
471954,,310.7744,
472079,,,159.25926
472345,512.6984,,
472955,,226.98413,
473080,,,382.97214
473301,,,39.01954
473346,455.55554,,
473956,,530.6306,
474302,,,733.8983
474347,548.14813,,
474957,,236.41975,
475303,,,232.12996
475348,633.74615,,
475958,,178.63777,
476304,,,389.2857
476349,536.0153,,
476959,,72.413795,
477305,,,394.91525
477350,55.932205,,
477960,,784.7458,
478306,,,414.70587
478351,867.50903,,
478961,,849.4585,
479307,,,269.71832
479352,539.2857,,
479962,,510.7143,
480308,,,275.42664
480353,300,,
480963,,310.1695,
481309,,,319.11765
481354,532.35297,,
481964,,197.79411,
482310,,,412.11072
482355,322.53522,,
482965,,255.6338,
483311,,,589.1892
483356,606.4846,,
483966,,391.4676,
484312,,,299.39026
484357,694.1177,,
484967,,263.97058,
485313,,,596.7742
485358,775.43256,,
485968,,398.2699,
486314,,,265.5914
486359,643.2432,,
486969,,504.72974,
487315,,,533.9623
487360,521.95123,,
487970,,177.43903,
488316,,,866.1654
488361,296.7742,,
488971,,358.0645,
489317,,,538.2253
489362,222.58064,,
489972,,211.82796,
490318,,,837.5
490363,767.9245,,
490973,,650.9434,
491319,,,669.2308
491364,836.0902,,
491974,,313.53384,
492320,,,645.70447
492365,480.20477,,
492975,,94.539246,
493321,,,242.24599
493366,424.30554,,
493976,,236.80556,
494284,,,903.8
494367,214.38127,,
494977,,37.123745,
495285,,,271.21213
495368,783.1615,,
495978,,185.22337,
496286,,,363.49207
496369,464.1711,,
496979,,170.05348,
497287,,,295.68344
497370,421.73914,,
497980,,403.6232,
498288,,,832.3308
498371,388.63635,,
498981,,43.939392,
499289,,,859.18365
499372,30.15873,,
499982,,52.38095,
500290,,,284.14633
500373,421.58273,,
500983,,169.78418,
501291,,,531.22925
501374,640.6015,,
501984,,347.3684,
502292,,,664.7059
502375,414.2857,,
502985,,430.61224,
503293,,,455.95667
503376,287.19513,,
503986,,250.60976,
504294,,,788.4892
504377,391.69437,,
504987,,245.51495,
505295,,,858.9552
505378,332.52594,,
505988,,256.4014,
506296,,,824.2902
506379,336.8231,,
506989,,380.1444,
507297,,,811.7647
507380,471.94244,,
507990,,493.52518,
508239,,,735.36804
508381,709.7015,,
508991,,441.04477,
509214,,,728.8993
509382,420.50473,,
509992,,205.9937,
510215,,,268.9655
510383,517.64703,,
510993,,190.84967,
511216,,,723.32153
511384,531.9703,,
511994,,465.05576,
512217,,,539.2857
512385,486.71588,,
512995,,578.9668,
513052,,,237.36421
513386,727.5862,,
513996,,386.2069,
514053,,,600.32574
514387,426.50177,,
514680,,-9.1894,
515054,,,442.85715
515388,539.2857,,
515681,,589.2857,
516055,,,561.01697
516389,752.3985,,
516682,,316.97418,
517056,,,824.3986
517390,300.65146,,
517683,,447.23126,
518057,,,896.1977
518391,693.6508,,
518684,,201.5873,
519058,,,367.7966
519392,577.9661,,
519685,,411.8644,
520059,,,573.5905
520393,387.9725,,
520686,,308.93472,
521060,,,276.9968
521394,299.23953,,
521687,,588.21295,
522061,,,353.37622
522395,191.52542,,
522688,,194.91525,
523062,,,733.3333
523396,549.8516,,
523689,,410.38574,
524063,,,799.30554
524397,577.3163,,
524690,,286.58148,
525064,,,786.121
525398,430.54663,,
525691,,411.25403,
526065,,,359.07474
526399,610,,
526692,,330,
527066,,,625.69446
527400,400,,
527693,,219.44444,
528067,,,529.2517
528394,234.9637,,
528694,,298.5765,
529068,,,837.5
529395,512.0997,,
529695,,423.13168,
530069,,,497.74435
530396,854.8611,,
530696,,271.52777,
531070,,,793.8907
531397,563.2653,,
531697,,726.53064,
532071,,,603.42206
532398,782.35297,,
532698,,297.05884,
533072,,,719.2308
533249,160.96466,,
533699,,392.4812,
534073,,,532.9114
534250,781.02893,,
534700,,285.85208,
535074,,,721.9697
535251,553.9924,,
535701,,291.63498,
536075,,,405.0505
536252,419.23077,,
536702,,419.23077,
537076,,,667.2727
537253,403.16455,,
537703,,305.0633,
538077,,,339.11438
538254,638.63635,,
538704,,320.45456,
539078,,,407.24637
539255,718.1818,,
539705,,479.12457,
540079,,,379.45206
540256,670.9091,,
540706,,274.54544,
541058,,,159.44286
541257,785.6088,,
541707,,409.2251,
542059,,,353.33334
542258,544.92755,,
542708,,381.88406,
543060,,,334.25076
543259,667.1233,,
543709,,211.64383,
544061,,,582.35297
544260,260.54422,,
544710,,263.9456,
545062,,,413.42282
545261,433.33334,,
545323,,,22.375862
545711,,336.66666,
546262,456.57492,,
546324,,,787.64044
546712,,98.77676,
547263,692.15686,,
547325,,,619.4719
547713,,268.62744,
548264,537.58386,,
548326,,,850.8772
548714,,51.00671,
549265,293.10345,,
549327,,,484.71762
549715,,62.068966,
550266,600.3745,,
550328,,,681.6901
550716,,383.14606,
551267,593.06934,,
551329,,,358.74588
551717,,322.44223,
552268,468.42105,,
552330,,,866.8874
552718,,408.77194,
553269,640.8638,,
553331,,,788.5135
553719,,577.74084,
554270,477.46478,,
554332,,,595.9707
554720,,269.71832,
555271,540.26404,,
555333,,,269.1275
555721,,612.8713,
556272,280.7947,,
556334,,,547.76117
556722,,512.58276,
557273,288.51352,,
557335,,,-11.864407
557723,,693.91895,
558274,372.52747,,
558336,,,861.16504
558724,,837.72894,
559275,383.22147,,
559337,,,853.9007
559725,,822.8188,
560276,407.46268,,
560338,,,795.3069
560726,,222.38806,
561277,293.22034,,
561339,,,524.183
561727,,293.22034,
562278,508.41425,,
562340,,,269.863
562728,,628.15533,
563279,829.078,,
563341,,,678.98553
563729,,612.7659,
564280,654.51263,,
564300,,,619.1148
564730,,351.26355,
565281,383.66013,,
565301,,,829.2929
565731,,484.96732,
566282,263.0137,,
566302,,,856.5217
566732,,256.1644,
567283,360.14493,,
567303,,,298.6014
567733,,371.0145,
568284,637.3737,,
568304,,,230.21806
568734,,256.90234,
569285,347.81146,,
569305,,,852.86194
569735,,54.882156,
570286,805.7971,,
570306,,,842.65234
570736,,501.44928,
571287,295.1049,,
571307,,,519.0476
571737,,319.5804,
572288,345.48288,,
572308,,,121.8543
572738,,58.878506,
573289,516.1616,,
573309,,,434.24658
573739,,236.70033,
574290,824.7312,,
574310,,,480.76923
574740,,426.8817,
575291,856.04395,,
575311,,,604.28015
575741,,434.79852,
576292,767.5497,,
576312,,,844.85297
576742,,75.49669,
577293,215.0685,,
577313,,,320.73172
577743,,283.56165,
578294,480.76923,,
578314,,,340
578744,,700,
579295,549.8054,,
579315,,,848.8055
579745,,102.33463,
580296,723.5294,,
580316,,,234.38486
580746,,216.17647,
581297,619.5122,,
581317,,,191.51291
581747,,241.46341,
582298,363.33334,,
582318,,,337.93103
582748,,640,
583299,702.0478,,
583319,,,264.4315
583749,,370.98975,
583860,,,38.95714
584300,612.9338,,
584750,,199.68454,
584861,,,510.73825
585301,741.3284,,
585751,,586.34686,
585862,,,794.5455
586302,741.37933,,
586752,,362.06897,
586863,,,862.96295
587303,462.68222,,
587753,,523.9067,
587864,,,719.6721
588304,300,,
588754,,182.14285,
588865,,,394.9495
589305,504.02686,,
589755,,366.44296,
589866,,,565.46765
590306,361.81818,,
590756,,307.27274,
590867,,,857.52893
591307,721.5488,,
591757,,445.45456,
591767,,,-9.652941
592308,673.7705,,
592534,,,331.8612
592758,,296.7213,
593309,613.8047,,
593535,,,873.6842
593759,,398.3165,
594310,414.3885,,
594536,,,362.3656
594760,,486.33093,
595311,498.4556,,
595537,,,168.7747
595761,,818.91895,
596312,668.3823,,
596538,,,398.36066
596762,,451.47058,
597020,,,202.19455
597313,344.81604,,
597750,,,777.58167
597763,,338.12708,
598314,613.8158,,
598751,,,889.65515
598764,,521.7105,
599315,713.62006,,
599752,,,423.4375
599765,,631.1828,
600316,718.1818,,
600753,,,753.8206
600766,,872.33203,
601317,814.7541,,
601754,,,574.05066
601767,,719.6721,
602318,343.57977,,
602755,,,491.21622
602768,,265.75876,
603319,858.01526,,
603756,,,611.92053
603769,,598.47327,
604320,475.86206,,
604757,,,578.44525
604770,,217.24138,
605199,912.2,,
605408,,23.9,
605758,,,872.2222
606200,411.6279,,
606409,,747.1761,
606759,,,885.8156
607201,561.3924,,
607410,,324.05063,
607760,,,700
608202,403.3784,,
608411,,552.02704,
608715,,,729.6147
608882,,15.351656,
609203,416.5563,,
609716,,,87.05036
609883,,221.55476,
610204,504.2403,,
610717,,,639.43665
610884,,521.5278,
611205,438.19446,,
611548,,,150.43333
611885,,360.99292,
612206,449.6454,,
612549,,,245.2381
612886,,449.15256,
613207,401.69492,,
613550,,,289.8305
613887,,200.3413,
614208,811.2628,,
614551,,,133.67697
614888,,87.05036,
615209,489.92807,,
615552,,,222.98137
615889,,382.39438,
616210,597.1831,,
616553,,,602.5316
616890,,223.52942,
617211,233.33333,,
617554,,,458.13953
617868,,,42.133335
617891,,249.20634,
618212,773.01587,,
618453,,,275.5983
618892,,293.22034,
619213,513.5593,,
619454,,,870.37036
619893,,467.0103,
620214,803.7801,,
620455,,,596.7742
620894,,586.3354,
621142,,,-44.97059
621215,601.86334,,
621495,,,-107.02982
621895,,336.70886,
622216,428.48102,,
622496,,,351.17844
622896,,516.27905,
623217,458.13953,,
623497,,,874.9104
623897,,150,
624218,573.3333,,
624498,,,601.63934
624898,,340.67798,
625219,323.72882,,
625499,,,117.51412
625899,,403.7037,
626191,,29.064516,
626220,581.4815,,
626500,,,796.67896
627192,,26.470589,
627221,387.09677,,
627501,,,298.6014
628171,264.02353,,
628193,,296.49124,
628502,,,314.44867
629172,373.6842,,
629194,,553.19867,
629503,,,281.38138
630173,394.9495,,
630195,,190.32259,
630504,,,872.2222
631174,638.35126,,
631196,,165.57378,
631505,,,253.14685
632175,404.91803,,
632197,,151.41243,
632506,,,852.21844
633176,402.82486,,
633198,,80.811806,
633507,,,381.25
634177,542.0664,,
634199,,277.62238,
634508,,,504.31656
634782,,5.398099,
635178,284.6154,,
635509,,,378.87323
635783,,611.71173,
636179,618.63116,,
636510,,,793.75
636784,,542.3611,
637180,497.5976,,
637511,,,269.56522
637785,,253.14685,
638181,622.2222,,
638256,,,925.6
638786,,449.48807,
639182,742.65735,,
639199,,,290.92993
639341,,35.325,
640183,449.48807,,
640200,,,623.5495
640342,,220.14389,
641184,671.875,,
641201,,,584.8249
641343,,410.5634,
642185,356.83453,,
642202,,,291.02563
642344,,356.25,
643186,421.12677,,
643203,,,503.38983
643345,,216.77019,
644187,487.5,,
644204,,,871.6312
644346,,788.8889,
645188,400,,
645205,,,299.25372
645347,,229.34132,
646189,356.3492,,
646206,,,384.84848
646348,,190.10239,
647190,223.35329,,
647207,,,311.98502
647349,,331.90662,
648191,818.08875,,
648208,,,838.70966
648350,,265.3846,
649192,833.8521,,
649209,,,840.39734
649351,,269.49152,
650193,422.43588,,
650210,,,587.5
650352,,123.40426,
651194,638.98303,,
651211,,,594.8052
651353,,661.19403,
652195,321.9858,,
652212,,,851.04895
652354,,566.6667,
653196,672.38806,,
653213,,,368.01346
653355,,502.99625,
654197,458.92255,,
654214,,,857.51636
654356,,303.2258,
655198,701.4981,,
655215,,,864.539
655357,,297.35098,
656199,345.1613,,
656216,,,346.30872
656358,,477.20587,
657200,466.22516,,
657217,,,535.22015
657359,,601.2987,
658201,286.02942,,
658218,,,279.9283
658360,,295.1049,
659202,633.76624,,
659219,,,330.55554
659361,,203.0303,
660203,592.3077,,
660220,,,751.85187
660362,,223.52942,
661204,532.99664,,
661221,,,315.80756
661363,,201.41844,
662205,432.67975,,
662222,,,575.58527
662364,,836.24164,
663206,839.7163,,
663223,,,853.9474
663249,,-34.21195,
663918,,23.264158,
664207,393.2886,,
664224,,,178.48102
664919,,292.3611,
665208,676.72955,,
665225,,,789.6104
665920,,855.55554,
666209,426.8817,,
666226,,,837.71625
666921,,442.95532,
667210,566.6667,,
667227,,,684.05316
667922,,876.5886,
667966,924.5,,
668228,,,602.1277
668923,,281.57895,
668967,714.433,,
669229,,,743.5374
669924,,488.6076,
669968,719.398,,
670230,,,819.50464
670925,,270.12988,
670969,798.0263,,
671231,,,773.60596
671926,,491.6955,
671970,453.79745,,
672232,,,370
672927,,215.61462,
672971,250.64935,,
673233,,,435.59323
673928,,84.39716,
673972,747.75085,,
674234,,,870.58826
674929,,226.53061,
674973,341.86047,,
675235,,,819.41394
675930,,243.65324,
675974,499.29077,,
676236,,,385.4369
676931,,67.28625,
676975,648.2993,,
677237,,,814.7541
677932,,326.66666,
677976,782.35297,,
678238,,,752.94116
678933,,289.8305,
678977,706.69147,,
679239,,,828.8389
679934,,429.41177,
679978,383.33334,,
680240,,,881.685
680935,,357.87546,
680979,740.678,,
681241,,,848.8818
681936,,259.2233,
681980,701.4706,,
682242,,,878.41724
682937,,263.93442,
682981,280.9524,,
683243,,,876.834
683938,,455.55554,
683982,391.9094,,
684244,,,535.4515
684939,,64.79401,
684983,496.7213,,
685245,,,820.57764
685940,,215.01831,
685984,390.19608,,
686246,,,464.95468
686941,,98.08307,
686985,282.02246,,
687247,,,621.1896
687942,,371.22302,
687986,658.24176,,
688248,,,871.831
688943,,490.73358,
688987,353.67413,,
689249,,,863.63635
689944,,629.097,
689988,346.04315,,
690250,,,687.3134
690945,,84.115524,
690989,517.7606,,
691251,,,689.2857
691946,,238.36858,
691990,535.4515,,
692252,,,205.36913
692947,,442.75092,
693133,,,912
693948,,333.0986,
694134,,,475
694949,,34.545456,
695085,,,905
695259,,40.84179,
696086,,,580.98157
696260,,557.1429,
697087,,,557.34265
697261,,332.8859,
698088,,,680.0687
698262,,342.029,
699089,,,224.15903
699263,,163.88889,
699817,,3.3365853,
700090,,,317.17792
700818,,169.93864,
701091,,,812.75165
701819,,406.993,
702092,,,691.5408
702820,,394.84537,
703093,,,260.5948
703821,,392.35474,
704094,,,743.3333
705095,,,291.84952
706096,,,587.2964
707097,,,495.9596
708098,,,429.41177
709099,,,862.8378
710100,,,863.0996
711101,,,850.7042
712102,,,853.9007
713103,,,886.06274
714104,,,475.3846
715105,,,862.96295
716106,,,532.35297
717107,,,882.07886
718108,,,770.0361
719109,,,739.2857
720110,,,29.909365
721111,,,388.74597
722112,,,859.4595
723113,,,816.39874
724114,,,290.16394
725115,,,886.4865
726116,,,556.7657
727117,,,738.70966
728118,,,627.2727
729119,,,813.9785
730120,,,888.32684
731121,,,711.32074
732122,,,536.6782
733123,,,592.3077
734124,,,569.87177
735125,,,852.54236
736126,,,630.15875
737127,,,637.9518
738128,,,596.875
739129,,,864.4269
740130,,,677.7778
741131,,,624.2647
742132,,,862.96295
743133,,,350.51193
744134,,,862.585
745135,,,885.8156
746136,,,848.2759
747137,,,775
748138,,,625.4902
749139,,,521.53845
750140,,,525.387
751141,,,327.5862
752142,,,429.16666
753143,,,176.97842
754144,,,753.47986
755145,,,893.7107
756146,,,409.72763
757147,,,484.26965
758148,,,212.13873
759149,,,56.71642
760150,,,822.2615
761151,,,559.5092
762152,,,327.08334
763153,,,172.72728
764154,,,823.3333
765155,,,188.73239
766156,,,733.887
767157,,,489.0411
768158,,,790.45935
769159,,,282.35294
769876,,,928.4
770877,,,852.381
771878,,,312.16217
772879,,,819.61414
