global_step,surprise,baseline,gradient_stats
-3096,-49.090908,-49.090908,
-2095,-57.627117,-57.627117,
-1094,-54.248367,-54.248367,
-93,-48.63014,-48.63014,
908,-45.652172,-45.652172,
1000,,,-45.454544
1909,-45.255474,-45.255474,
2001,,,-60.451977
2910,-48.71795,-48.71795,
3002,,,-57.51634
3911,-42.446045,-42.446045,
4003,,,-52.054794
4912,-44.23792,-44.23792,
5004,,,-45.652172
5913,-31.97279,-31.97279,
6005,,,-45.255474
6914,-30.147058,-30.147058,
7006,,,-48.71795
7915,-28.813559,-28.813559,
8007,,,-42.446045
8916,-62.732918,-62.732918,
9008,,,-59.107807
9917,-21.39738,-21.39738,
10009,,,-42.176872
10918,-21.708185,-21.708185,
11010,,,-48.52941
11919,-47.183098,-47.183098,
12011,,,-42.372883
12920,-34.98452,-34.98452,
13012,,,-53.41615
13921,-28.327644,-28.327644,
14013,,,-56.33188
14922,-60.99291,-60.99291,
15014,,,-50.177937
15923,-19.753086,-19.753086,
16015,,,-47.183098
16924,-30.362118,-30.362118,
17016,,,-56.656345
17925,-21.146954,-21.146954,
18017,,,-69.28328
18926,-37.5,-37.5,
19018,,,-68.085106
19927,-44.805195,-44.805195,
20019,,,-62.962963
20928,-35.361217,-35.361217,
21020,,,-72.144844
21929,-53.177258,-53.177258,
22021,,,-74.91039
22930,-66.049385,-66.049385,
23022,,,-68.75
23931,-47.882736,-47.882736,
24023,,,-70.77922
24932,-25.324675,-25.324675,
25024,,,-65.779465
25933,-54.86111,-54.86111,
26025,,,-63.2107
26934,-43.060497,-43.060497,
27026,,,-72.22222
27935,-61.42433,-61.42433,
28027,,,-70.68404
28936,39.465874,39.465874,
29028,,,-67.53247
29937,-60.1227,-60.1227,
30029,,,-68.75
30938,-52.727272,-52.727272,
31030,,,-71.53025
31939,-67.84566,-67.84566,
32031,,,-76.26113
32940,-53.488373,-56.81063,
33032,,,-73.29377
33941,-46.478874,-46.478874,
34033,,,-69.32516
34942,-66.10169,-66.10169,
35034,,,-67.27273
35943,-69.32516,-72.39264,
36035,,,-67.84566
36944,-65.034966,-65.034966,
37036,,,-73.42193
37945,-51.672863,-51.672863,
38037,,,-80.28169
38946,-38.14433,-31.271477,
39038,,,-69.49152
39947,-64.28571,-64.28571,
40039,,,-72.39264
40948,-19.463087,-36.24161,
41040,,,-72.02797
41949,-48.79518,-54.81928,
42041,,,-51.672863
42950,-37.5,-37.5,
43042,,,-72.50859
43752,,-146.1017,
43951,-62.711864,,
44043,,,-74.02597
44753,,-44.827587,
44952,-55.172413,,
45044,,,-73.154366
45754,,-75.0,
45953,-3.5714285,,
46045,,,-75.90362
46755,,-29.104477,
46954,-29.104477,,
47046,,,-76.190475
47756,,-59.752323,
47955,-65.944275,,
48047,,,-66.10169
48757,,-52.68139,
48956,-33.753944,,
49048,,,-72.413795
49758,,16.883118,
49957,-38.311687,,
50049,,,-78.57143
50759,,-54.918034,
50958,-38.52459,,
51050,,,-70.149254
51760,,-48.63014,
51959,-48.63014,,
52051,,,-38.080494
52761,,-52.531647,
52960,-46.20253,,
53052,,,-58.990536
53762,,-82.69896,
53961,-61.937717,,
54053,,,-64.28571
54763,,-68.75,
54962,-68.75,,
55054,,,-34.42623
55764,,-47.761192,
55963,-55.22388,,
56055,,,-52.054794
56765,,-63.69637,
56964,-60.396038,,
57056,,,-49.36709
57766,,-49.82079,
57965,-71.326164,,
58057,,,-58.47751
58767,,28.113878,
58966,-57.295372,,
59058,,,-44.444443
59768,,-32.624115,
59967,-43.262413,,
60059,,,-62.686565
60769,,-74.26471,
60968,-70.588234,,
61060,,,-70.29703
61770,,-36.758892,
61969,-72.332016,,
62061,,,-64.15771
62771,,-74.19355,
62970,-45.16129,,
63062,,,-25.266905
63772,,-54.098362,
63971,-27.868853,,
64063,,,2.8368795
64773,,-27.33564,
64972,-41.17647,,
65064,,,-41.17647
65774,,-64.15771,
65973,-56.989246,,
66065,,,-72.332016
66775,,-27.0073,
66974,-67.15328,,
67066,,,-32.258064
67776,,-37.5,
67975,-50.657894,,
68067,,,-44.262295
68777,,-49.82079,
68976,-10.394265,,
69068,,,-75.77855
69778,,-30.59937,
69977,-2.208202,,
70069,,,-78.49462
70779,,-79.86577,
70978,-32.885906,,
71070,,,-41.60584
71780,,24.161074,
71979,-63.08725,,
72071,,,-27.631578
72781,,-75.945015,
72980,-58.762886,,
73072,,,-35.48387
73782,,-69.96997,
73981,-63.963963,,
74073,,,-40.06309
74783,,4.7619047,
74982,-77.77778,,
75074,,,64.42953
75784,,-27.631578,
75983,-67.10526,,
76075,,,-26.174496
76785,,-42.528736,
76984,-61.685825,,
77076,,,68.38488
77786,,-18.699186,
77985,-59.349594,,
78077,,,53.153152
78787,,3.3333333,
78986,-63.333332,,
79078,,,-52.38095
79788,,25.461254,
79987,-74.16974,,
80079,,,-1.3157895
80789,,-33.774834,
80988,-70.19868,,
81080,,,-23.371647
81790,,-26.573427,
81989,-65.034966,,
82081,,,-2.4390244
82791,,-48.80546,
82990,-41.979523,,
83082,,,13.333333
83792,,-18.518518,
83991,-70.37037,,
84083,,,21.771217
84793,,74.05064,
84992,-68.35443,,
85084,,,-66.88742
85794,,-68.05112,
85993,-26.517572,,
86085,,,-33.566433
86795,,-4.5801525,
86994,18.32061,,
87086,,,108.191124
87796,,-44.85294,
87995,-19.117647,,
88087,,,-11.111111
88797,,-5.6603775,
88996,6.918239,,
89088,,,45.569622
89791,-119.49934,,
89798,,-60.13289,
89997,,,
90089,,,-20.127796
90792,-25.0,,
90799,,35.714287,
90998,,,
91090,,,6.8702292
91793,-1.2345679,,
91800,,-41.358025,
91821,,,
91999,,,
92091,,,-26.470589
92794,-80.891716,,
92801,,-58.598724,
92822,,,
93000,,,
93092,,,19.496855
93795,-47.36842,,
93802,,-29.824562,
93823,,,
94001,,,
94093,,,-33.554817
94796,-30.379747,,
94803,,-20.886076,
94824,,,
95002,,,
95094,,,35.714287
95797,7.5268817,,
95804,,-53.405018,
95825,,,
96003,,,
96095,,,-47.530865
96798,69.23077,,
96805,,-11.538462,
96826,,,
97004,,,
97096,,,-14.012739
97799,-41.780823,,
97806,,-62.328766,
97827,,,
98005,,,
98097,,,-36.842106
98800,0.37174723,,
98807,,-33.085503,
98828,,,
99006,,,
99098,,,-43.037975
99801,-67.741936,,
99808,,12.903226,
99829,,,
100007,,,
100099,,,89.96416
100802,11.864407,,
100809,,8.474576,
100830,,,
101008,,,
101100,,,53.846153
101803,-44.07895,,
101810,,-27.631578,
101831,,,
102009,,,
102101,,,-28.082191
102804,-40.0,,
102811,,-26.666666,
102832,,,
103010,,,
103102,,,-7.063197
103576,-95.14947,,
103812,,31.672598,
103833,,,
104011,,,
104103,,,41.935482
104577,-68.42105,,
104725,,-127.94211,
104834,,,
105012,,,
105104,,,-8.474576
105578,-25.081432,,
105672,,-145.64006,
105835,,,
105946,,,-137.94737
106013,,,
106579,-41.37931,,
106673,,-44.827587,
106836,,,
106947,,,-33.333332
107014,,,
107580,-54.225353,,
107674,,111.26761,
107837,,,
107948,,,95.72954
108015,,,
108581,-40.59406,,
108675,,91.41914,
108838,,,
108949,,,-43.85965
109016,,,
109582,1.3513514,,
109676,,-15.540541,
109839,,,
109950,,,-34.85342
110017,,,
110583,-56.52174,,
110677,,7.0234113,
110840,,,
110951,,,37.931034
111018,,,
111584,5.4545455,,
111678,,103.63636,
111841,,,
111952,,,5.633803
112019,,,
112585,-62.546818,,
112679,,27.340824,
112842,,,
112953,,,48.51485
113020,,,
113586,-56.363636,,
113680,,45.454544,
113780,,,-138.58109
113843,,,
114021,,,
114313,-151.81035,,
114681,,17.241379,
114781,,,110.70234
114844,,,
115022,,,
115314,-70.588234,,
115682,,14.379085,
115782,,,-5.4545455
115845,,,
116023,,,
116315,-78.723404,,
116644,,,
116683,,-14.893617,
116783,,,49.812733
116846,,,
117024,,,
117316,-31.29771,,
117645,,,
117684,,41.221375,
117784,,,38.18182
117847,,,
118025,,,
118317,-68.35443,,
118646,,,
118685,,-8.227848,
118785,,,-10.344828
118848,,,
119026,,,
119318,-78.64769,,
119647,,,
119686,,120.64057,
119786,,,79.73856
119849,,,
120027,,,
120319,-55.414013,,
120648,,,
120687,,-42.67516,
120787,,,183.68794
120850,,,
121028,,,
121320,-63.265305,,
121649,,,
121688,,112.244896,
121788,,,10.687023
121851,,,
122029,,,
122321,62.7907,,
122599,,-132.76047,
122650,,,
122789,,,-24.050632
122852,,,
123030,,,
123322,-62.02532,,
123465,,,
123600,,-27.215189,
123790,,,6.7615657
123853,,,
124031,,,
124323,-58.199356,,
124466,,,
124601,,15.755627,
124791,,,65.605095
124854,,,
125032,,,
125324,30.584192,,
125467,,,
125602,,9.965635,
125792,,,30.612246
125855,,,
126033,,,
126325,-51.672863,,
126468,,,
126603,,123.048325,
126793,,,159.68993
126856,,,
127034,,,
127326,-23.58804,,
127604,,102.65781,
127794,,,-55.6962
127857,,,
127984,,,
128035,,,
128327,-62.711864,,
128515,,,-117.23762
128605,,55.932205,
128858,,,
128985,,,
129036,,,
129328,12.244898,,
129516,,,-17.525774
129606,,2.0408163,
129859,,,
129986,,,
130037,,,
130329,-56.656345,,
130517,,,0.37174723
130607,,314.8607,
130860,,,
130987,,,
131038,,,
131103,,,-135.14418
131330,-63.333332,,
131608,,-23.333334,
131861,,,
131988,,,
132039,,,
132104,,,-18.644068
132331,-29.824562,,
132609,,19.298246,
132862,,,
132989,,,
133040,,,
133105,,,-42.176872
133332,-27.586206,,
133610,,120.68965,
133863,,,
133990,,,
134041,,,
134106,,,73.37461
134333,-12.052117,,
134436,,,
134611,,105.21172,
134864,,,
135042,,,
135107,,,66.666664
135334,-31.37255,,
135437,,,
135612,,-57.51634,
135865,,,
136043,,,
136093,,,
136108,,,145.61403
136335,37.037037,,
136613,,111.111115,
136866,,,
137044,,,
137094,,,
137109,,,-10.344828
137336,-0.66225165,,
137604,,,-77.63876
137614,,2.6490066,
137867,,,
138045,,,
138095,,,
138234,-147.49474,,
138605,,,-11.764706
138615,,215.78947,
138868,,,
139046,,,
139096,,,
139235,40.84507,,
139266,,,-128.86296
139424,,-127.883095,
139869,,,
140047,,,
140097,,,
140236,-6.8100357,,
140267,,,29.139072
140425,,68.45878,
140870,,,
141048,,,
141098,,,
141237,15.987461,,
141268,,,29.824562
141426,,53.605015,
141871,,,
142049,,,
142099,,,
142238,32.258064,,
142269,,,-29.577465
142427,,209.67741,
142872,,,
143050,,,
143100,,,
143239,-18.149466,,
143270,,,72.043015
143428,,440.92526,
143873,,,
144051,,,
144101,,,
144240,-55.32646,,
144271,,,44.200626
144429,,16.838488,
144843,-139.26666,,
144874,,,
145052,,,
145102,,,
145272,,,12.903226
145430,,-9.722222,
145844,-42.446045,,
145875,,,
145995,,-120.32877,
146053,,,
146103,,,
146273,,,145.5516
146845,-44.444443,,
146876,,,
146996,,76.47059,
147054,,,
147104,,,
147274,,,-0.34364262
147846,-42.372883,,
147877,,,
147958,,,-112.64445
147997,,177.9661,
148055,,,
148105,,,
148847,-28.327644,,
148878,,,
148959,,,7.913669
148998,,381.22867,
149056,,,
149106,,,
149848,50.735294,,
149879,,,
149960,,,37.2549
149999,,650.0,
150057,,,
150107,,,
150849,-1.7857143,,
150880,,,
150961,,,18.644068
151000,,161.90475,
151058,,,
151108,,,
151850,37.2549,,
151881,,,
151962,,,29.692833
152001,,194.11765,
152059,,,
152109,,,
152851,-31.147541,,
152882,,,
152963,,,43.382355
153002,,500.0,
153060,,,
153110,,,
153852,-35.59322,,
153883,,,
153964,,,27.97619
154003,,289.8305,
154061,,,
154111,,,
154652,,,
154853,-62.199314,,
154965,,,99.346405
155004,,284.87973,
155062,,,
155112,,,
155653,,,
155854,-22.807018,,
155966,,,-40.98361
156005,,475.4386,
156063,,,
156113,,,
156654,,,
156855,-57.03125,,
156967,,,188.13559
157006,,739.84375,
157064,,,
157114,,,
157655,,,
157856,-7.284768,,
157968,,,16.838488
158007,,257.6159,
158065,,,
158115,,,
158656,,,
158857,-56.656345,,
158969,,,-54.385963
159008,,534.6749,
159066,,,
159116,,,
159409,,,-96.925
159657,,,
159858,-38.11075,,
160009,,134.5277,
160067,,,
160117,,,
160410,,,65.56291
160658,,,
160859,-12.121212,,
161010,,272.72726,
161068,,,
161118,,,
161411,,,51.702785
161659,,,
161860,8.527132,,
162011,,632.55817,
162069,,,
162119,,,
162412,,,46.579803
162660,,,
162861,-56.52174,,
163012,,519.56525,
163070,,,
163120,,,
163413,,,-3.030303
163661,,,
163862,-61.53846,,
164013,,243.19527,
164071,,,
164121,,,
164414,,,-14.7286825
164662,,,
164863,12.35955,,
165014,,188.38951,
165072,,,
165122,,,
165415,,,-45.652172
165663,,,
165864,-67.741936,,
166015,,267.74194,
166073,,,
166123,,,
166416,,,98.22485
166664,,,
166865,-49.019608,,
167016,,750.9804,
167074,,,
167124,,,
167417,,,-6.367041
167665,,,
167866,-42.238266,,
168017,,816.9675,
168075,,,
168125,,,
168418,,,-32.258064
168666,,,
168867,-70.479706,,
169018,,852.02954,
169076,,,
169126,,,
169419,,,92.15686
169667,,,
169868,-56.953644,,
170019,,317.21854,
170077,,,
170127,,,
170420,,,-49.458485
170668,,,
170869,-14.705882,,
171020,,273.52942,
171078,,,
171128,,,
171421,,,-4.0590405
171669,,,
171870,-44.62541,,
172021,,668.7296,
172079,,,
172129,,,
172422,,,-37.086094
172670,,,
172871,-9.090909,,
173022,,686.71326,
173080,,,
173130,,,
173423,,,82.35294
173671,,,
173872,-64.91228,,
173972,,,-131.8987
174023,,696.4912,
174081,,,
174131,,,
174672,,,
174873,-59.83936,,
174973,,,46.853146
175024,,426.10443,
175082,,,
175132,,,
175673,,,
175874,-20.0,,
175974,,,-36.842106
176025,,560.0,
176083,,,
176133,,,
176674,,,
176875,-83.870964,,
176975,,,-39.759037
177026,,751.6129,
177084,,,
177134,,,
177310,,,-76.63333
177352,,,
177454,,43.967163,
177742,,,
177876,-73.8806,,
178135,,,
178311,,,19.35484
178353,,,
178455,,711.3879,
178743,,,
178877,20.99644,,
179136,,,
179312,,,-14.179105
179354,,,
179456,,689.0909,
179744,,,
179878,60.0,,
180014,,,
180137,,,
180313,,,-43.060497
180457,,664.7059,
180745,,,
180879,-20.415224,,
180892,,,
181138,,,
181314,,,-41.81818
181458,,625.2747,
181746,,,
181880,-19.41392,,
181893,,,
182139,,,
182315,,,76.47059
182459,,22.977346,
182747,,,
182881,26.213593,,
182894,,,
183140,,,
183316,,,-4.7619047
183460,,642.3313,
183748,,,
183882,-23.312883,,
183895,,,
184141,,,
184317,,,35.92233
184461,,353.07443,
184749,,,
184883,-51.45631,,
184896,,,
185142,,,
185318,,,59.5092
185462,,338.247,
185750,,,
185884,-20.318726,,
185897,,,
186143,,,
186319,,,-38.511326
186463,,453.4591,
186694,,,-109.41155
186751,,,
186885,-15.094339,,
186898,,,
187144,,,
187464,,486.2069,
187695,,,-8.805032
187752,,,
187886,-9.090909,,
187899,,,
188145,,,
188465,,742.65735,
188696,,,-31.034483
188753,,,
188887,18.881119,,
188900,,,
189146,,,
189466,,441.51624,
189697,,,11.888112
189754,,,
189888,-74.72924,,
189901,,,
190147,,,
190467,,291.00345,
190698,,,-67.509026
190755,,,
190889,-68.85813,,
190902,,,
191148,,,
191468,,58.102768,
191699,,,7.266436
191756,,,
191890,-9.090909,,
191903,,,
192149,,,
192469,,563.12054,
192700,,,54.150196
192757,,,
192891,38.29787,,
192904,,,
193150,,,
193470,,724.91583,
193701,,,116.31206
193758,,,
193892,-39.39394,,
193905,,,
194151,,,
194471,,512.37787,
194702,,,-12.457912
194759,,,
194893,-80.456024,,
194906,,,
195152,,,
195472,,652.4752,
195703,,,173.61563
195760,,,
195894,-7.5907593,,
195907,,,
196153,,,
196473,,682.0069,
196704,,,-20.79208
196761,,,
196895,10.726644,,
196908,,,
197154,,,
197474,,103.44827,
197705,,,-34.256054
197762,,,
197896,-79.31035,,
197909,,,
198155,,,
198475,,788.8889,
198706,,,151.72414
198763,,,
198897,-66.32996,,
198910,,,
199156,,,
199476,,604.3189,
199707,,,4.3771043
199764,,,
199898,-73.42193,,
199911,,,
200157,,,
200477,,581.4815,
200708,,,-13.621263
200765,,,
200899,3.7037036,,
200912,,,
201057,,,
201158,,,
201478,,826.07007,
201709,,,55.555557
201900,16.731518,,
201913,,,
202058,,,
202159,,,
202479,,228.99023,
202710,,,67.31518
202901,-80.456024,,
202914,,,
203059,,,
203160,,,
203480,,347.91666,
203711,,,69.38111
203902,-72.22222,,
203915,,,
204060,,,
204161,,,
204481,,756.20917,
204712,,,-9.722222
204903,-15.03268,,
204916,,,
205017,,,
205162,,,
205482,,662.987,
205713,,,89.54248
205904,-64.28571,,
205917,,,
206018,,,
206163,,,
206483,,524.60565,
206714,,,7.142857
206765,,,
206905,-40.06309,,
206918,,,
207164,,,
207484,,860.85406,
207715,,,38.80126
207766,,,
207906,-7.4733095,,
207919,,,
208165,,,
208485,,327.18448,
208716,,,63.70107
208767,,,
208907,-28.80259,,
208920,,,
209166,,,
209486,,597.9866,
209717,,,191.26213
209768,,,
209908,-79.86577,,
209921,,,
210167,,,
210487,,451.6129,
210718,,,-53.020134
210769,,,
210909,61.29032,,
210922,,,
211168,,,
211488,,283.90094,
211719,,,16.129032
211770,,,
211910,-4.024768,,
211923,,,
212169,,,
212489,,685.21124,
212720,,,107.43034
212745,,,
212911,9.154929,,
212924,,,
213170,,,
213373,,,
213490,,878.022,
213721,,,-11.971831
213912,13.553114,,
213925,,,
214171,,,
214374,,,
214491,,190.42905,
214722,,,24.542124
214913,-80.19802,,
214926,,,
215172,,,
215375,,,
215492,,401.52905,
215723,,,55.115513
215914,-17.431192,,
215927,,,
216125,,,
216173,,,
216493,,536.9863,
216724,,,-29.663609
216915,-34.931507,,
216928,,,
217126,,,
217174,,,
217494,,377.98743,
217725,,,-28.082191
217916,-30.81761,,
217929,,,
218127,,,
218175,,,
218495,,626.6187,
218726,,,44.654087
218917,-78.41727,,
218930,,,
219128,,,
219176,,,
219496,,609.0301,
219727,,,-56.834534
219918,-73.24415,,
219931,,,
220129,,,
220177,,,
220489,,,
220497,,278.64078,
220728,,,67.22408
220919,-41.747574,,
220932,,,
221130,,,
221490,,,
221498,,812.33765,
221729,,,129.77347
221920,-12.337663,,
221933,,,
222101,,-8.487097,
222131,,,
222491,,,
222730,,,127.27273
222898,,,
222921,16.129032,,
222934,,,
223102,,418.0723,
223492,,,
223731,,,-77.41936
223899,,,
223922,-15.662651,,
223935,,,
224103,,598.9619,
224493,,,
224732,,,-27.710844
224900,,,
224923,-30.795847,,
224936,,,
225104,,814.8936,
225494,,,
225733,,,45.32872
225901,,,
225924,-14.893617,,
225937,,,
226105,,768.1672,
226495,,,
226734,,,56.02837
226902,,,
226925,-51.76849,,
226938,,,
227106,,483.0619,
227496,,,
227735,,,18.971062
227903,,,
227926,-67.42671,,
227939,,,
228107,,374.68353,
228497,,,
228736,,,193.1596
228904,,,
228927,-55.6962,,
228940,,,
229108,,209.14827,
229498,,,
229737,,,-43.037975
229905,,,
229928,-46.37224,,
229941,,,
230109,,325.60553,
230279,,,
230499,,,
230738,,,82.9653
230929,-55.0173,,
230942,,,
230978,,,
231110,,872.88135,
231500,,,
231739,,,21.107267
231930,55.932205,,
231943,,,
231979,,,
232111,,863.0872,
232501,,,
232740,,,-5.084746
232931,101.342285,,
232944,,,
232980,,,
233112,,795.4704,
233502,,,
233741,,,54.362415
233932,-5.923345,,
233945,,,
233981,,,
234113,,862.96295,
234503,,,
234742,,,-37.28223
234802,,,
234933,-25.925926,,
234946,,,
235114,,37.38019,
235504,,,
235704,,,
235743,,,11.111111
235934,85.30351,,
235947,,,
236115,,259.87262,
236505,,,
236705,,,
236744,,,18.210863
236935,-36.305733,,
236948,,,
237116,,562.6866,
237506,,,
237621,,,
237745,,,-10.828026
237867,-130.31343,,
237949,,,
238117,,314.33023,
238507,,,
238622,,,
238746,,,25.373135
238868,-50.15576,,
238950,,,
239118,,305.3156,
239508,,,
239623,,,
239747,,,-34.57944
239869,46.1794,,
239951,,,
240119,,823.37164,
240385,,,
240509,,,
240748,,,-16.943521
240870,-50.19157,,
240952,,,
241120,,277.48343,
241386,,,
241510,,,
241749,,,-0.38314176
241871,58.9404,,
241953,,,
242121,,251.85185,
242387,,,
242511,,,
242750,,,-20.5298
242872,-7.858991e-13,,
242954,,,
243122,,398.32776,
243388,,,
243404,,,
243751,,,-48.148148
243873,80.602005,,
243955,,,
244123,,450.0,
244389,,,
244405,,,
244752,,,-23.076923
244874,38.46154,,
244956,,,
245124,,610.5263,
245390,,,
245406,,,
245753,,,-7.6923075
245875,-24.81203,,
245957,,,
245991,,,
246125,,809.7744,
246407,,,
246754,,,125.56391
246876,-28.571428,,
246958,,,
246992,,,
247126,,863.8554,
247408,,,
247755,,,80.451126
247877,40.56225,,
247959,,,
247993,,,
248127,,430.12048,
248409,,,
248756,,,68.6747
248878,-3.6144578,,
248960,,,
248994,,,
249128,,691.8089,
249410,,,
249757,,,-54.81928
249879,-21.501707,,
249961,,,
249995,,,
250129,,505.5777,
250411,,,
250758,,,-1.0238907
250880,206.7729,,
250962,,,
250996,,,
251130,,857.3771,
251412,,,
251759,,,11.553785
251881,-70.491806,,
251963,,,
251997,,,
252131,,337.29904,
252413,,,
252760,,,-11.4754095
252790,,2.6501684,
252882,-9.967846,,
252964,,,
252998,,,
253414,,,
253761,,,12.540193
253791,,35.048233,
253883,-52.861954,,
253965,,,
253999,,,
254415,,,
254762,,,78.45118
254792,,665.06024,
254884,-26.045015,,
254966,,,
255000,,,
255416,,,
255763,,,47.90997
255793,,169.62457,
255885,-63.855423,,
255967,,,
256001,,,
256417,,,
256764,,,-51.807228
256794,,315.84158,
256886,-21.501707,,
256968,,,
257002,,,
257418,,,
257765,,,-38.56655
257795,,886.3014,
257887,61.71617,,
257969,,,
258003,,,
258419,,,
258753,-128.18082,,
258766,,,18.811882
258796,,112.025314,
258970,,,
259004,,,
259420,,,
259754,-30.379747,,
259767,,,33.561646
259797,,440.3509,
259971,,,
260005,,,
260421,,,
260755,61.403507,,
260768,,,-24.050632
260798,,529.7578,
260972,,,
261006,,,
261422,,,
261756,21.107267,,
261769,,,-15.789474
261799,,780.9524,
261973,,,
262007,,,
262423,,,
262757,-45.57823,,
262770,,,-75.77855
262800,,570.06805,
262974,,,
263008,,,
263424,,,
263756,-46.638775,,
263771,,,-31.97279
263801,,167.32674,
263975,,,
264009,,,
264425,,,
264757,-66.9967,,
264772,,,22.44898
264802,,419.29825,
264976,,,
265010,,,
265426,,,
265758,-64.91228,,
265773,,,-50.49505
265803,,280.9524,
265977,,,
266011,,,
266427,,,
266759,74.60317,,
266774,,,82.45614
266804,,240.20619,
266978,,,
267012,,,
267061,,,-52.309525
267428,,,
267760,3.0927835,,
267805,,824.59015,
267979,,,
268013,,,
268062,,,198.96907
268429,,,
268761,63.934425,,
268806,,576.4706,
268980,,,
269014,,,
269063,,,-50.81967
269430,,,
269762,-70.588234,,
269807,,82.130585,
269981,,,
270015,,,
270064,,,-50.980392
270431,,,
270763,61.512028,,
270808,,189.08554,
270982,,,
271016,,,
271065,,,27.147766
271432,,,
271764,-11.504425,,
271809,,881.75183,
271983,,,
272017,,,
272066,,,6.19469
272433,,,
272765,-27.0073,,
272810,,391.5825,
272984,,,
273018,,,
273067,,,-52.554745
273434,,,
273766,61.61616,,
273811,,353.94736,
273985,,,
274019,,,
274068,,,-2.3569024
274435,,,
274738,,907.4,
274767,-70.39474,,
274986,,,
275020,,,
275069,,,-53.94737
275436,,,
275739,,742.46576,
275768,-47.36842,,
275987,,,
276021,,,
276070,,,100.0
276437,,,
276740,,311.7647,
276769,16.438356,,
276988,,,
277022,,,
277071,,,-69.178085
277438,,,
277741,,406.80273,
277770,62.629757,,
277989,,,
278023,,,
278072,,,-65.39793
278439,,,
278742,,412.73886,
278771,-8.163265,,
278990,,,
279024,,,
279073,,,46.258503
279440,,,
279743,,880.8307,
279772,-36.305733,,
279991,,,
280025,,,
280074,,,-10.828026
280441,,,
280744,,651.497,
280773,-0.9584665,,
280992,,,
281026,,,
281075,,,-4.1533546
281442,,,
281745,,435.11707,
281774,-16.167665,,
281993,,,
282027,,,
282076,,,85.628746
282443,,,
282746,,852.0,
282775,-59.866222,,
282994,,,
283028,,,
283077,,,-6.354515
283444,,,
283747,,863.36993,
283776,20.0,,
283995,,,
284029,,,
284061,,,
284078,,,320.0
284536,,,-54.02491
284748,,414.7541,
284777,-8.424909,,
284996,,,
285030,,,
285062,,,
285119,,36.752693,
285413,-68.31803,,
285537,,,-21.311476
285997,,,
286031,,,
286063,,,
286120,,682.77155,
286414,-19.161676,,
286538,,,136.52695
286998,,,
287032,,,
287064,,,
287121,,368.1648,
287415,49.812733,,
287539,,,31.086142
287999,,,
288033,,,
288065,,,
288122,,465.06848,
288416,-17.602997,,
288540,,,139.70038
289000,,,
289034,,,
289066,,,
289123,,385.8934,
289417,-7.5342464,,
289541,,,139.72603
290001,,,
290035,,,
290067,,,
290124,,836.24164,
290418,50.47022,,
290542,,,69.279
291002,,,
291036,,,
291068,,,
291125,,784.61536,
291419,17.449665,,
291543,,,71.14094
291918,,467.24146,
292003,,,
292037,,,
292069,,,
292420,65.38461,,
292544,,,96.15385
292919,,355.88235,
293004,,,
293038,,,
293070,,,
293421,-57.317074,,
293545,,,0.6097561
293920,,368.35443,
294005,,,
294039,,,
294071,,,
294422,17.647058,,
294546,,,-4.4117646
294921,,584.0278,
295006,,,
295040,,,
295072,,,
295423,-74.68355,,
295547,,,-11.3924055
295922,,637.20135,
296007,,,
296041,,,
296073,,,
296424,7.638889,,
296548,,,-20.13889
296923,,606.0932,
297008,,,
297042,,,
297074,,,
297327,,8.075862,
297425,-31.740614,,
297549,,,39.93174
298009,,,
298043,,,
298075,,,
298328,,699.3921,
298426,175.98566,,
298550,,,115.053764
299010,,,
299044,,,
299076,,,
299329,,785.5219,
299427,96.55173,,
299551,,,75.86207
300011,,,
300045,,,
300077,,,
300330,,239.74359,
300428,-17.93313,,
300552,,,-57.446808
301012,,,
301046,,,
301078,,,
301331,,853.17725,
301429,54.882156,,
301553,,,51.515152
302013,,,
302047,,,
302079,,,
302332,,250.93167,
302430,63.46154,,
302554,,,-58.333332
303014,,,
303048,,,
303080,,,
303333,,279.43262,
303431,33.779263,,
303555,,,-13.043478
304015,,,
304049,,,
304081,,,
304334,,760.6811,
304432,-50.31056,,
304556,,,36.64596
304829,,,-66.816315
305016,,,
305050,,,
305082,,,
305335,,331.7343,
305433,-14.893617,,
305830,,,-56.656345
306017,,,
306051,,,
306083,,,
306303,-155.84024,,
306334,,-25.281395,
306831,,,91.88192
307018,,,
307052,,,
307063,,,8.782946
307084,,,
307304,-22.509226,,
307335,,585.39325,
308019,,,
308053,,,
308064,,,31.086142
308085,,,
308305,39.534885,,
308336,,468.56186,
309020,,,
309054,,,
309065,,,77.25752
309086,,,
309306,139.70038,,
309337,,665.8863,
310021,,,
310055,,,
310066,,,60.53512
310087,,,
310307,-16.38796,,
310338,,451.85184,
311022,,,
311056,,,
311067,,,-77.77778
311088,,,
311308,-9.698997,,
311339,,655.55554,
311953,,,
312023,,,
312068,,,18.518518
312089,,,
312289,,,-50.201885
312309,11.111111,,
312340,,767.9245,
312842,,,
313024,,,
313056,-96.72222,,
313090,,,
313290,,,-20.972645
313311,-49.8283,,
313341,,216.10942,
313843,,,
314025,,,
314091,,,
314291,,,-31.034483
314312,-17.93313,,
314342,,463.21838,
314844,,,
314953,,,-108.122185
315026,,,
315092,,,
315313,14.942529,,
315343,,321.22186,
315845,,,
315954,,,22.222221
316027,,,
316093,,,
316314,-67.84566,,
316344,,422.22223,
316846,,,
316955,,,17.647058
317028,,,
317094,,,
317315,129.62962,,
317345,,767.64703,
317496,,,
317956,,,103.50877
318029,,,
318095,,,
318316,-52.205883,,
318346,,784.2105,
318497,,,
318957,,,218.03279
319030,,,
319096,,,
319317,-5.263158,,
319347,,181.96721,
319498,,,
319943,,,
319958,,,-52.531647
320031,,,
320097,,,
320318,1.6393442,,
320348,,298.7342,
320944,,,
320959,,,110.52631
321032,,,
321098,,,
321319,-39.873417,,
321349,,801.3158,
321945,,,
321960,,,52.10356
322033,,,
322099,,,
322320,21.710526,,
322350,,722.0065,
322946,,,
322961,,,12.903226
323034,,,
323100,,,
323321,10.032362,,
323351,,880.64514,
323947,,,
323962,,,4.693141
324035,,,
324101,,,
324322,-35.48387,,
324352,,340.43323,
324948,,,
324963,,,-19.860628
325036,,,
325102,,,
325323,-16.967508,,
325353,,335.54007,
325706,,,
325964,,,22.977346
326037,,,
326103,,,
326324,-44.25087,,
326354,,210.67961,
326707,,,
326965,,,110.71429
327038,,,
327104,,,
327325,19.7411,,
327355,,817.8571,
327708,,,
327966,,,-51.95195
328039,,,
328105,,,
328326,-21.428572,,
328356,,212.31232,
328709,,,
328967,,,166.1597
329040,,,
329062,,,
329106,,,
329327,-27.927927,,
329357,,576.8061,
329968,,,-1.2738854
330041,,,
330063,,,
330107,,,
330328,40.68441,,
330358,,855.414,
330858,,,
330969,,,39.534885
331042,,,
331108,,,
331329,30.573248,,
331359,,265.44852,
331859,,,
331970,,,100.72993
332043,,,
332105,,,
332109,,,
332330,-0.33222592,,
332360,,637.22626,
332971,,,-5.923345
333044,,,
333106,,,
333110,,,
333331,20.437956,,
333361,,311.1498,
333972,,,17.857143
333980,,,
334045,,,
334107,,,
334332,-19.860628,,
334362,,467.85715,
334973,,,-34.640522
334981,,,
335046,,,
335108,,,
335333,-28.571428,,
335363,,501.3072,
335974,,,133.8983
335982,,,
336047,,,
336109,,,
336247,,,-61.88261
336334,-11.764706,,
336364,,622.0339,
336983,,,
337048,,,
337110,,,
337248,,,115.54771
337335,-72.881355,,
337365,,461.5942,
337984,,,
337986,,,
338049,,,
338249,,,31.313131
338336,-34.782608,,
338366,,564.311,
338985,,,
338987,,,
339050,,,
339250,,,-7.5907593
339337,-15.194346,,
339367,,428.61954,
339986,,,
339988,,,
340051,,,
340251,,,55.405407
340338,-36.026936,,
340357,,,
340368,,173.9274,
340987,,,
341052,,,
341252,,,15.646258
341339,-33.9934,,
341358,,,
341369,,379.72974,
341988,,,
342053,,,
342253,,,21.621622
342340,65.54054,,
342359,,,
342370,,301.36053,
342989,,,
343054,,,
343254,,,-14.893617
343341,-38.77551,,
343360,,,
343371,,795.27026,
343990,,,
344055,,,
344255,,,43.790848
344342,-35.81081,,
344361,,,
344372,,676.59576,
344814,,,
344991,,,
345056,,,
345256,,,23.893805
345343,-46.80851,,
345373,,331.37256,
345801,,,
345810,,,
345992,,,
346257,,,193.7063
346344,53.594772,,
346374,,286.43066,
346664,,,
346802,,,
346993,,,
347258,,,65.16517
347345,-32.153393,,
347375,,368.53146,
347477,,,-61.62933
347665,,,
347803,,,
347994,,,
348346,-54.545456,,
348376,,110.21021,
348478,,,31.386862
348666,,,
348804,,,
348995,,,
349347,-18.918919,,
349377,,327.56183,
349479,,,90.08264
349667,,,
349805,,,
349996,,,
350348,-15.194346,,
350378,,487.59125,
350480,,,-36.24161
350668,,,
350806,,,
350997,,,
351349,35.036495,,
351379,,829.7521,
351481,,,35.231316
351669,,,
351807,,,
351998,,,
352350,168.59505,,
352380,,738.92615,
352482,,,310.7143
352670,,,
352704,,,-71.27536
352808,,,
352980,,-21.009964,
352999,,,
353351,-39.597317,,
353671,,,
353705,,,183.08824
353809,,,
353981,,350.0,
354000,,,
354352,-18.149466,,
354577,,,
354706,,,88.11881
354770,,248.83623,
354810,,,
355001,,,
355353,-17.857143,,
355578,,,
355707,,,138.25504
355771,,510.29413,
355811,,,
356002,,,
356125,,,
356354,8.695652,,
356708,,,253.95189
356772,,332.34323,
356812,,,
357003,,,
357126,,,
357355,-48.52941,,
357671,,,-91.82192
357773,,467.1141,
357813,,,
358004,,,
358127,,,
358356,-40.59406,,
358446,,,
358611,,,
358672,,,368.53146
358774,,625.08594,
359005,,,
359357,-26.174496,,
359447,,,
359612,,,
359673,,,202.91971
359775,,389.3048,
360006,,,
360351,-144.21718,,
360448,,,
360613,,,
360674,,,62.711864
360776,,830.06995,
361007,,,
361352,-33.15508,,
361449,,,
361614,,,
361675,,,28.834356
361777,,268.61313,
361982,,,
362008,,,
362353,4.895105,,
362488,,,
362615,,,
362676,,,57.728706
362778,,561.01697,
363009,,,
363354,-45.255474,,
363489,,,
363616,,,
363677,,,28.571428
363779,,430.67484,
364010,,,
364355,-62.711864,,
364490,,,
364617,,,
364678,,,313.53384
364780,,622.39746,
365011,,,
365356,16.564417,,
365376,,,
365618,,,
365679,,,276.81158
365781,,278.57144,
366012,,,
366248,,,
366357,-24.29022,,
366377,,,
366680,,,229.67033
366782,,614.2857,
366885,,,
367013,,,
367249,,,
367358,10.714286,,
367681,,,283.83838
367783,,755.07245,
367886,,,
368014,,,
368250,,,
368359,1.5037594,,
368682,,,131.51126
368784,,409.1575,
368887,,,
369015,,,
369251,,,
369360,-31.15942,,
369683,,,197.79411
369785,,307.4074,
369888,,,
370016,,,
370252,,,
370361,-8.424909,,
370684,,,175.16779
370786,,494.85532,
370864,,,
371017,,,
371253,,,
371362,-25.925926,,
371374,,,-36.307888
371787,,447.79413,
371865,,,
372018,,,
372254,,,
372363,-61.41479,,
372375,,,271.13403
372680,,,
372788,,228.85905,
373019,,,
373255,,,
373364,50.735294,,
373376,,,47.766323
373645,,,
373789,,401.5773,
374020,,,
374080,-94.21879,,
374256,,,
374377,,,303.1746
374646,,,
374790,,274.57043,
374957,,,
375021,,,
375081,-62.14511,,
375257,,,
375378,,,246.71533
375706,,,
375791,,322.68042,
376022,,,
376082,16.838488,,
376258,,,
376344,,,
376379,,,91.729324
376792,,528.5714,
377023,,,
377083,34.02062,,
377259,,,
377345,,,
377380,,,102.33463
377793,,567.88324,
378024,,,
378084,42.857143,,
378260,,,
378346,,,
378381,,,-36.39576
378794,,362.406,
379025,,,
379085,-19.708029,,
379261,,,
379266,,,
379382,,,225.7329
379795,,767.7043,
380026,,,
380086,65.413536,,
380262,,,
380267,,,
380383,,,347.20496
380796,,677.38513,
380892,-106.47004,,
381027,,,
381263,,,
381268,,,
381384,,,298.1763
381797,,346.25406,
381893,23.674911,,
382028,,,
382188,-80.44006,,
382264,,,
382269,,,
382385,,,144.5141
382409,-72.210556,,
382798,,222.98137,
382946,,,
383029,,,
383265,,,
383386,,,488.46155
383410,21.580547,,
383799,,282.97873,
383947,,,
384030,,,
384266,,,
384387,,,207.6923
384411,-40.438873,,
384800,,216.61443,
384948,,,
385031,,,
385122,-20.9,,
385267,,,
385388,,,21.875
385559,,,
385801,,450.0,
386032,,,
386123,71.328674,,
386268,,,
386389,,,249.15254
386560,,,
386802,,529.3706,
387033,,,
387124,90.625,,
387269,,,
387390,,,339.49045
387561,,,
387803,,221.875,
388034,,,
388125,-28.813559,,
388270,,,
388391,,,227.21713
388562,,,
388804,,283.05084,
389035,,,
389126,-33.121017,,
389271,,,
389392,,,149.22119
389563,,,
389805,,514.64966,
390036,,,
390127,13.149847,,
390272,,,
390393,,,407.5188
390564,,,
390806,,193.57799,
391037,,,
391128,37.07165,,
391273,,,
391394,,,423.96167
391565,,,
391651,,,-52.83564
391807,,202.18068,
392038,,,
392129,-39.849625,,
392274,,,
392367,,,
392652,,,84.66899
392707,-93.70224,,
392808,,407.5188,
393039,,,
393116,,,
393275,,,
393463,,,-49.694324
393708,3.8062284,,
393778,,,
393809,,653.9936,
394040,,,
394276,,,
394415,-86.876305,,
394464,,,268.0782
394779,,,
394810,,384.42908,
394933,,,-78.354675
395041,,,
395277,,,
395416,73.758865,,
395780,,,
395811,,802.439,
395934,,,29.15129
396042,,,
396278,,,
396417,17.263844,,
396781,,,
396812,,329.078,
396935,,,400.0
397043,,,
397279,,,
397418,79.85612,,
397782,,,
397813,,479.80457,
397936,,,44.927536
398044,,,
398419,213.65314,,
398783,,,
398814,,299.28058,
398937,,,531.22925
399045,,,
399251,-125.675156,,
399784,,,
399815,,464.57565,
399938,,,224.75883
400046,,,
400252,124.63768,,
400785,,,
400816,,489.17197,
400939,,,14.864865
401047,,,
401253,66.11295,,
401817,,653.62317,
401940,,,184.40367
402048,,,
402254,144.37299,,
402818,,770.4319,
402941,,,264.21725
402996,-103.054054,,
403049,,,
403819,,308.36014,
403942,,,144.73685
403997,187.46178,,
404050,,,
404820,,764.86487,
404943,,,308.39694
404998,152.39616,,
405051,,,
405821,,588.07336,
405944,,,116.94915
405999,171.05263,,
406052,,,
406822,,564.53674,
406945,,,43.426296
407000,117.55725,,
407053,,,
407823,,300.0,
407946,,,162.97578
408001,154.23729,,
408054,,,
408824,,510.687,
408919,-48.173706,,
408947,,,31.782946
409055,,,
409825,,764.4068,
409920,159.51556,,
409948,,,168.8172
410056,,,
410826,,374.10358,
410921,31.782946,,
410949,,,133.0827
411057,,,
411827,,287.54324,
411922,222.58064,,
411950,,,-33.333332
412058,,,
412828,,853.48834,
412923,57.894737,,
412951,,,144.3609
413059,,,
413576,,,-96.78276
413829,,713.62006,
413895,-130.33333,,
414060,,,
414577,,,328.05756
414830,,377.4436,
414896,57.894737,,
415061,,,
415578,,,149.14676
415831,,510.0,
415897,310.34482,,
416062,,,
416579,,,280.43478
416832,,636.8421,
416898,169.78418,,
417063,,,
417580,,,217.33333
417833,,365.51724,
417899,-48.80546,,
418064,,,
418581,,,216.54677
418834,,590.64746,
418900,153.62318,,
419065,,,
419582,,,408.59106
419835,,753.2423,
419901,49.333332,,
420066,,,
420583,,,103.00752
420836,,592.029,
420902,-38.848923,,
421067,,,
421584,,,-22.535212
421837,,508.0,
421903,198.96907,,
422068,,,
422585,,,-29.530201
422838,,281.29495,
422904,57.894737,,
423069,,,
423586,,,254.83871
423839,,700.68726,
423905,-29.577465,,
424070,,,
424538,-99.34161,,
424587,,,137.35408
424840,,294.73685,
425071,,,
425539,72.043015,,
425588,,,396.09375
425841,,329.57745,
426540,86.77043,,
426589,,,185.71428
426842,,738.92615,
427541,64.0625,,
427590,,,164.36781
427843,,523.6559,
428536,-117.15714,,
428591,,,88.4058
428844,,822.179,
429537,26.43678,,
429592,,,127.75801
429845,,595.3125,
430538,182.60869,,
430593,,,-27.392738
430846,,889.2857,
431539,20.99644,,
431594,,,181.85329
431847,,631.8008,
432540,68.31683,,
432595,,,43.712574
432848,,860.1449,
433541,35.135136,,
433596,,,-34.707905
433849,,444.48398,
434542,52.69461,,
434597,,,23.41772
434850,,751.48517,
435543,34.02062,,
435598,,,172.37354
435851,,691.5058,
436544,45.569622,,
436599,,,-18.149466
436852,,447.9042,
437545,82.87938,,
437600,,,32.404182
437853,,401.7182,
438546,6.7615657,,
438601,,,189.90228
438854,,292.40506,
439547,63.763065,,
439602,,,35.48387
439855,,779.37744,
440548,30.29316,,
440603,,,-28.082191
440856,,213.16727,
441549,-6.451613,,
441604,,,272.18045
441857,,579.4425,
442550,47.260273,,
442605,,,102.0202
442858,,430.9446,
443551,144.3609,,
443606,,,27.946129
443859,,519.35486,
444552,112.121216,,
444607,,,310.82803
444860,,215.0685,
445553,115.48821,,
445608,,,320.06268
445861,,433.8346,
446554,43.312103,,
446609,,,355.83038
446862,,553.19867,
446956,-55.3605,,
447610,,,133.0827
447863,,51.515152,
447957,41.342754,,
448611,,,302.82684
448864,,556.05096,
448893,,,-49.985817
448958,76.69173,,
449865,,282.44513,
449894,,,107.66773
449959,-54.063602,,
450866,,415.90106,
450895,,,117.55725
450960,286.5248,,
451867,,557.8947,
451896,,,83.27974
451961,11.821086,,
452868,,242.75618,
452897,,,95.48872
452922,-73.762596,,
453228,,,-27.266197
453522,-69.767845,,
453869,,846.80853,
454229,,,129.5082
454523,-13.533834,,
454870,,299.36102,
455230,,,206.27306
455524,97.1831,,
455871,,319.84732,
456231,,,136.30138
456525,40.98361,,
456773,,-148.19936,
457232,,,378.57144
457526,25.461254,,
457774,,753.3835,
458233,,,110.682495
458527,-38.356163,,
458775,,269.71832,
459234,,,259.4771
459528,28.571428,,
459776,,172.13115,
460235,,,240.57971
460401,-124.78546,,
460777,,390.7749,
461236,,,206.8592
461402,43.790848,,
461778,,615.7534,
462237,,,113.05842
462403,-38.405796,,
462779,,639.2857,
463238,,,184.72223
463254,-130.74838,,
463780,,532.0475,
464239,,,255.21236
464255,-0.34364262,,
464781,,279.08496,
465240,,,-9.090909
465256,52.77778,,
465782,,831.1594,
466241,,,87.30159
466257,73.74517,,
466783,,835.01807,
467242,,,-15.9159155
467258,78.45118,,
467595,,,-67.19877
467649,,136.62405,
468259,-30.15873,,
468596,,,-10.216719
468650,,587.5,
469260,-51.95195,,
469597,,,309.9617
469651,,316.9884,
469975,,,-5.3966103
470261,125.30864,,
470652,,536.36365,
470976,,,344.04333
471262,129.10217,,
471653,,493.6508,
471977,,,521.4286
472263,-34.865902,,
472654,,584.6847,
472978,,,313.55933
473264,8.474576,,
473655,,372.22223,
473979,,,194.11765
474265,-16.967508,,
474656,,352.0124,
474980,,,336.61972
475266,153.57143,,
475588,,331.9042,
475981,,,203.75427
476267,-28.813559,,
476589,,744.0678,
476982,,,462.5
477268,-15.441176,,
477590,,394.58484,
477983,,,97.231834
478269,2.1126761,,
478591,,521.4286,
478984,,,187.16216
479270,36.518772,,
479592,,313.55933,
479912,,,103.13171
480271,-0.7352941,,
480593,,455.14706,
480913,,,200.0
481272,-61.937717,,
481594,,685.21124,
481914,,,312.18637
482273,-35.81081,,
482595,,196.92833,
482915,,,488.67926
483274,-51.219513,,
483596,,521.32355,
483916,,,358.6466
484275,-29.032259,,
484597,,457.0934,
484917,,,323.2082
485276,86.37993,,
485598,,234.45946,
485918,,,257.6389
486277,-32.07547,,
486599,,345.12195,
486919,,,190.9699
487278,-39.849625,,
487600,,58.064518,
487920,,,401.7182
488279,-38.56655,,
488601,,667.0251,
488921,,,103.20856
489280,-16.666666,,
489602,,333.96225,
489922,,,135.50725
490281,-56.52174,,
490603,,527.8195,
490923,,,127.27273
491282,30.584192,,
491604,,732.7645,
491924,,,39.68254
492283,-30.481283,,
492605,,674.30554,
492925,,,18.705036
493284,-63.768116,,
493606,,846.4883,
493926,,,392.4812
494285,-73.48485,,
494607,,889.69073,
494927,,,177.55103
495286,52.38095,,
495608,,707.48663,
495928,,,134.7561
496268,,,-67.35482
496287,-38.848923,,
496609,,302.17392,
497269,,,474.39447
497288,57.894737,,
497610,,324.24243,
498270,,,188.80867
498289,100.0,,
498611,,455.55554,
499271,,,587.05035
