"global_step","90p gc + 0.95 decay - charts/network_transfer_in_mb","90p gc + 0.95 decay - charts/network_transfer_in_mb__MIN","90p gc + 0.95 decay - charts/network_transfer_in_mb__MAX","90p gc + 0.95 decay - _step","90p gc + 0.95 decay - _step__MIN","90p gc + 0.95 decay - _step__MAX","90p gc + 0.99 decay - charts/network_transfer_in_mb","90p gc + 0.99 decay - charts/network_transfer_in_mb__MIN","90p gc + 0.99 decay - charts/network_transfer_in_mb__MAX","90p gc + 0.99 decay - _step","90p gc + 0.99 decay - _step__MIN","90p gc + 0.99 decay - _step__MAX","1774140526-grad-compression=accumulate-grads - charts/network_transfer_in_mb","1774140526-grad-compression=accumulate-grads - charts/network_transfer_in_mb__MIN","1774140526-grad-compression=accumulate-grads - charts/network_transfer_in_mb__MAX","1774140526-grad-compression=accumulate-grads - _step","1774140526-grad-compression=accumulate-grads - _step__MIN","1774140526-grad-compression=accumulate-grads - _step__MAX","1774138806-grad-compression=None - charts/network_transfer_in_mb","1774138806-grad-compression=None - charts/network_transfer_in_mb__MIN","1774138806-grad-compression=None - charts/network_transfer_in_mb__MAX","1774138806-grad-compression=None - _step","1774138806-grad-compression=None - _step__MIN","1774138806-grad-compression=None - _step__MAX"
"0","1400.0547","1400.0547","1400.0547","10","10","10","1396.4911","1396.4911","1396.4911","10","10","10","1399.8805","1399.8805","1399.8805","10","10","10","1394.046","1394.046","1394.046","10","10","10"
"4096","2799.735","2799.735","2799.735","21","21","21","2795.736","2795.736","2795.736","21","21","21","2799.5537","2799.5537","2799.5537","21","21","21","2788.0378","2788.0378","2788.0378","21","21","21"
"8192","4199.74","4199.74","4199.74","32","32","32","4195.6016","4195.6016","4195.6016","32","32","32","4199.306","4199.306","4199.306","32","32","32","4182.0405","4182.0405","4182.0405","32","32","32"
"12288","5599.6636","5599.6636","5599.6636","43","43","43","5595.298","5595.298","5595.298","43","43","43","5598.9326","5598.9326","5598.9326","43","43","43","5576.048","5576.048","5576.048","43","43","43"
"16384","6999.2954","6999.2954","6999.2954","54","54","54","6994.8525","6994.8525","6994.8525","54","54","54","6998.783","6998.783","6998.783","54","54","54","6969.8276","6969.8276","6969.8276","54","54","54"
"20480","8399.019","8399.019","8399.019","65","65","65","8394.406","8394.406","8394.406","65","65","65","8398.758","8398.758","8398.758","65","65","65","8363.756","8363.756","8363.756","65","65","65"
"24576","9799.3","9799.3","9799.3","76","76","76","9794.009","9794.009","9794.009","76","76","76","9798.618","9798.618","9798.618","76","76","76","9758.472","9758.472","9758.472","76","76","76"
"28672","11199.07","11199.07","11199.07","87","87","87","11194.114","11194.114","11194.114","87","87","87","11198.65","11198.65","11198.65","87","87","87","11156.148","11156.148","11156.148","87","87","87"
"32768","12085.516","12085.516","12085.516","98","98","98","12080.416","12080.416","12080.416","98","98","98","12084.665","12084.665","12084.665","98","98","98","12555.276","12555.276","12555.276","98","98","98"
"36864","12971.639","12971.639","12971.639","109","109","109","12966.837","12966.837","12966.837","109","109","109","12970.858","12970.858","12970.858","109","109","109","13954.645","13954.645","13954.645","109","109","109"
"40960","13857.584","13857.584","13857.584","121","121","121","13853.16","13853.16","13853.16","121","121","121","13856.628","13856.628","13856.628","121","121","121","15353.796","15353.796","15353.796","121","121","121"
"45056","14743.573","14743.573","14743.573","132","132","132","14738.965","14738.965","14738.965","132","132","132","14742.609","14742.609","14742.609","132","132","132","16752.61","16752.61","16752.61","132","132","132"
"49152","15629.556","15629.556","15629.556","143","143","143","15624.933","15624.933","15624.933","143","143","143","15628.103","15628.103","15628.103","143","143","143","18151.754","18151.754","18151.754","143","143","143"
"53248","16515.541","16515.541","16515.541","154","154","154","16510.807","16510.807","16510.807","154","154","154","16514.13","16514.13","16514.13","154","154","154","19551.006","19551.006","19551.006","154","154","154"
"57344","17401.168","17401.168","17401.168","166","166","166","17396.895","17396.895","17396.895","165","165","165","17399.928","17399.928","17399.928","165","165","165","20950.664","20950.664","20950.664","165","165","165"
"61440","18287.123","18287.123","18287.123","177","177","177","18283.158","18283.158","18283.158","176","176","176","18285.94","18285.94","18285.94","176","176","176","22350.064","22350.064","22350.064","176","176","176"
"65536","19173.033","19173.033","19173.033","188","188","188","19169.197","19169.197","19169.197","187","187","187","19172.06","19172.06","19172.06","187","187","187","23749.17","23749.17","23749.17","187","187","187"
"69632","20058.812","20058.812","20058.812","199","199","199","20054.613","20054.613","20054.613","198","198","198","20057.89","20057.89","20057.89","198","198","198","25147.643","25147.643","25147.643","198","198","198"
"73728","20944.775","20944.775","20944.775","211","211","211","20940.607","20940.607","20940.607","209","209","209","20943.47","20943.47","20943.47","209","209","209","26546.393","26546.393","26546.393","209","209","209"
"77824","21830.92","21830.92","21830.92","222","222","222","21826.705","21826.705","21826.705","220","220","220","21829.246","21829.246","21829.246","220","220","220","27945.68","27945.68","27945.68","220","220","220"
"81920","22716.96","22716.96","22716.96","233","233","233","22712.799","22712.799","22712.799","231","231","231","22715.283","22715.283","22715.283","231","231","231","29344.94","29344.94","29344.94","232","232","232"
"86016","23603.158","23603.158","23603.158","244","244","244","23598.707","23598.707","23598.707","243","243","243","23601.336","23601.336","23601.336","243","243","243","30743.854","30743.854","30743.854","243","243","243"
"90112","24488.887","24488.887","24488.887","255","255","255","24484.744","24484.744","24484.744","254","254","254","24487.379","24487.379","24487.379","254","254","254","32142.906","32142.906","32142.906","254","254","254"
"94208","25375.037","25375.037","25375.037","266","266","266","25371.09","25371.09","25371.09","265","265","265","25373.578","25373.578","25373.578","265","265","265","33541.84","33541.84","33541.84","265","265","265"
"98304","26260.955","26260.955","26260.955","278","278","278","26257.121","26257.121","26257.121","276","276","276","26259.54","26259.54","26259.54","276","276","276","34940.32","34940.32","34940.32","276","276","276"
"102400","27147.164","27147.164","27147.164","289","289","289","27143.354","27143.354","27143.354","288","288","288","27145.664","27145.664","27145.664","287","287","287","36338.688","36338.688","36338.688","287","287","287"
"106496","28033.154","28033.154","28033.154","301","301","301","28028.908","28028.908","28028.908","299","299","299","28031.9","28031.9","28031.9","298","298","298","37737.36","37737.36","37737.36","298","298","298"
"110592","28919.307","28919.307","28919.307","312","312","312","28915.057","28915.057","28915.057","310","310","310","28918.053","28918.053","28918.053","309","309","309","39136.22","39136.22","39136.22","310","310","310"
"114688","29805.238","29805.238","29805.238","323","323","323","29801.047","29801.047","29801.047","321","321","321","29804.346","29804.346","29804.346","320","320","320","40534.707","40534.707","40534.707","321","321","321"
"118784","30691.227","30691.227","30691.227","334","334","334","30686.527","30686.527","30686.527","333","333","333","30690.434","30690.434","30690.434","331","331","331","41933.023","41933.023","41933.023","332","332","332"
"122880","31577.61","31577.61","31577.61","346","346","346","31572.945","31572.945","31572.945","345","345","345","31576.693","31576.693","31576.693","343","343","343","43331.223","43331.223","43331.223","343","343","343"
"126976","32463.754","32463.754","32463.754","357","357","357","32459.19","32459.19","32459.19","356","356","356","32462.146","32462.146","32462.146","354","354","354","44729.49","44729.49","44729.49","354","354","354"
"131072","33349.797","33349.797","33349.797","369","369","369","33345.2","33345.2","33345.2","368","368","368","33348.15","33348.15","33348.15","365","365","365","46127.785","46127.785","46127.785","365","365","365"
"135168","34236","34236","34236","380","380","380","34231.387","34231.387","34231.387","379","379","379","34234.582","34234.582","34234.582","376","376","376","47526.33","47526.33","47526.33","377","377","377"
"139264","35122.34","35122.34","35122.34","391","391","391","35117.22","35117.22","35117.22","390","390","390","35119.844","35119.844","35119.844","387","387","387","48924.812","48924.812","48924.812","388","388","388"
"143360","36007.82","36007.82","36007.82","402","402","402","36003.45","36003.45","36003.45","402","402","402","36005.918","36005.918","36005.918","398","398","398","50323.508","50323.508","50323.508","399","399","399"
"147456","36893.82","36893.82","36893.82","414","414","414","36889.336","36889.336","36889.336","413","413","413","36891.914","36891.914","36891.914","409","409","409","51722.152","51722.152","51722.152","410","410","410"
"151552","37779.82","37779.82","37779.82","425","425","425","37775.41","37775.41","37775.41","424","424","424","37777.793","37777.793","37777.793","420","420","420","53121.234","53121.234","53121.234","421","421","421"
"155648","38665.953","38665.953","38665.953","436","436","436","38661.562","38661.562","38661.562","437","437","437","38663.785","38663.785","38663.785","431","431","431","54520.17","54520.17","54520.17","432","432","432"
"159744","39552.445","39552.445","39552.445","448","448","448","39547.9","39547.9","39547.9","449","449","449","39549.656","39549.656","39549.656","442","442","442","55918.85","55918.85","55918.85","443","443","443"
"163840","40438.645","40438.645","40438.645","459","459","459","40434.03","40434.03","40434.03","460","460","460","40435.586","40435.586","40435.586","453","453","453","57317.46","57317.46","57317.46","454","454","454"
"167936","41324.637","41324.637","41324.637","470","470","470","41319.91","41319.91","41319.91","471","471","471","41321.68","41321.68","41321.68","465","465","465","58716.004","58716.004","58716.004","465","465","465"
"172032","42210.652","42210.652","42210.652","481","481","481","42206.004","42206.004","42206.004","483","483","483","42207.773","42207.773","42207.773","476","476","476","60114.543","60114.543","60114.543","476","476","476"
"176128","43096.35","43096.35","43096.35","492","492","492","43092.367","43092.367","43092.367","494","494","494","43093.336","43093.336","43093.336","487","487","487","61513.34","61513.34","61513.34","487","487","487"
"180224","43982.47","43982.47","43982.47","504","504","504","43978.414","43978.414","43978.414","505","505","505","43979.387","43979.387","43979.387","498","498","498","62911.785","62911.785","62911.785","499","499","499"
"184320","44868.59","44868.59","44868.59","516","516","516","44864.664","44864.664","44864.664","516","516","516","44865.43","44865.43","44865.43","509","509","509","64310.715","64310.715","64310.715","510","510","510"
"188416","45754.812","45754.812","45754.812","527","527","527","45750.88","45750.88","45750.88","528","528","528","45751.61","45751.61","45751.61","520","520","520","65709.125","65709.125","65709.125","521","521","521"
"192512","46641.043","46641.043","46641.043","538","538","538","46637.145","46637.145","46637.145","539","539","539","46637.188","46637.188","46637.188","531","531","531","67107.93","67107.93","67107.93","532","532","532"
"196608","47527.223","47527.223","47527.223","550","550","550","47523.453","47523.453","47523.453","550","550","550","47523.402","47523.402","47523.402","542","542","542","68506.59","68506.59","68506.59","543","543","543"
"200704","48413.29","48413.29","48413.29","561","561","561","48409.344","48409.344","48409.344","561","561","561","48409.098","48409.098","48409.098","553","553","553","69905.45","69905.45","69905.45","555","555","555"
"204800","49299.023","49299.023","49299.023","572","572","572","49295.523","49295.523","49295.523","572","572","572","49295.594","49295.594","49295.594","564","564","564","71303.94","71303.94","71303.94","566","566","566"
"208896","50184.918","50184.918","50184.918","583","583","583","50181.223","50181.223","50181.223","584","584","584","50181.78","50181.78","50181.78","575","575","575","72702.46","72702.46","72702.46","577","577","577"
"212992","51070.99","51070.99","51070.99","594","594","594","51067.562","51067.562","51067.562","595","595","595","51067.375","51067.375","51067.375","587","587","587","74101.42","74101.42","74101.42","589","589","589"
"217088","51957.35","51957.35","51957.35","606","606","606","51953.293","51953.293","51953.293","607","607","607","51953.27","51953.27","51953.27","598","598","598","75500.64","75500.64","75500.64","600","600","600"
"221184","52843.402","52843.402","52843.402","618","618","618","52839.57","52839.57","52839.57","619","619","619","52839.37","52839.37","52839.37","609","609","609","76899.12","76899.12","76899.12","611","611","611"
"225280","53729.54","53729.54","53729.54","629","629","629","53725.21","53725.21","53725.21","630","630","630","53725.777","53725.777","53725.777","620","620","620","78298","78298","78298","622","622","622"
"229376","54615.598","54615.598","54615.598","640","640","640","54611.58","54611.58","54611.58","642","642","642","54611.766","54611.766","54611.766","631","631","631","79697.28","79697.28","79697.28","633","633","633"
"233472","55501.086","55501.086","55501.086","651","651","651","55497.492","55497.492","55497.492","653","653","653","55497.895","55497.895","55497.895","642","642","642","81095.55","81095.55","81095.55","645","645","645"
"237568","56386.914","56386.914","56386.914","662","662","662","56383.64","56383.64","56383.64","665","665","665","56383.957","56383.957","56383.957","653","653","653","82494.48","82494.48","82494.48","656","656","656"
"241664","57272.777","57272.777","57272.777","673","673","673","57269.7","57269.7","57269.7","676","676","676","57269.918","57269.918","57269.918","664","664","664","83893.164","83893.164","83893.164","667","667","667"
"245760","58159.066","58159.066","58159.066","684","684","684","58155.848","58155.848","58155.848","687","687","687","58156.035","58156.035","58156.035","675","675","675","85292.14","85292.14","85292.14","679","679","679"
"249856","59045.086","59045.086","59045.086","695","695","695","59042.2","59042.2","59042.2","699","699","699","59042.188","59042.188","59042.188","686","686","686","86690.805","86690.805","86690.805","690","690","690"
"253952","59931.305","59931.305","59931.305","706","706","706","59928.4","59928.4","59928.4","710","710","710","59928.34","59928.34","59928.34","698","698","698","88089.484","88089.484","88089.484","702","702","702"
"258048","60817.617","60817.617","60817.617","718","718","718","60814.594","60814.594","60814.594","721","721","721","60813.945","60813.945","60813.945","709","709","709","89488.02","89488.02","89488.02","713","713","713"
"262144","61703.516","61703.516","61703.516","729","729","729","61700.547","61700.547","61700.547","732","732","732","61700.24","61700.24","61700.24","720","720","720","90886.36","90886.36","90886.36","724","724","724"
"266240","62589.66","62589.66","62589.66","740","740","740","62586.633","62586.633","62586.633","743","743","743","62586.195","62586.195","62586.195","731","731","731","92284.336","92284.336","92284.336","736","736","736"
"270336","63475.61","63475.61","63475.61","751","751","751","63472.86","63472.86","63472.86","756","756","756","63472.168","63472.168","63472.168","742","742","742","93682.73","93682.73","93682.73","747","747","747"
"274432","64361.684","64361.684","64361.684","762","762","762","64358.79","64358.79","64358.79","767","767","767","64358.19","64358.19","64358.19","753","753","753","95081.484","95081.484","95081.484","758","758","758"
"278528","65248.105","65248.105","65248.105","774","774","774","65245.016","65245.016","65245.016","778","778","778","65244.105","65244.105","65244.105","764","764","764","96480.23","96480.23","96480.23","769","769","769"
"282624","66134.055","66134.055","66134.055","786","786","786","66131.125","66131.125","66131.125","790","790","790","66130.09","66130.09","66130.09","775","775","775","97878.78","97878.78","97878.78","781","781","781"
"286720","67020.26","67020.26","67020.26","797","797","797","67017.12","67017.12","67017.12","802","802","802","67016.02","67016.02","67016.02","786","786","786","99277.52","99277.52","99277.52","792","792","792"
"290816","67905.836","67905.836","67905.836","808","808","808","67903.27","67903.27","67903.27","813","813","813","67901.72","67901.72","67901.72","797","797","797","100676.48","100676.48","100676.48","804","804","804"
"294912","68792.086","68792.086","68792.086","819","819","819","68789.586","68789.586","68789.586","825","825","825","68787.77","68787.77","68787.77","808","808","808","102075.65","102075.65","102075.65","815","815","815"
"299008","69678.25","69678.25","69678.25","831","831","831","69675.414","69675.414","69675.414","836","836","836","69673.7","69673.7","69673.7","820","820","820","103474.78","103474.78","103474.78","827","827","827"
"303104","70563.53","70563.53","70563.53","842","842","842","70561.38","70561.38","70561.38","847","847","847","70559.67","70559.67","70559.67","831","831","831","104873.6","104873.6","104873.6","838","838","838"
"307200","71449.07","71449.07","71449.07","853","853","853","71447.83","71447.83","71447.83","859","859","859","71445.734","71445.734","71445.734","842","842","842","106272.58","106272.58","106272.58","850","850","850"
"311296","72334.805","72334.805","72334.805","865","865","865","72334.15","72334.15","72334.15","870","870","870","72331.68","72331.68","72331.68","853","853","853","107671.05","107671.05","107671.05","861","861","861"
"315392","73220.836","73220.836","73220.836","876","876","876","73220.49","73220.49","73220.49","881","881","881","73217.625","73217.625","73217.625","864","864","864","109069.77","109069.77","109069.77","872","872","872"
"319488","74106.984","74106.984","74106.984","887","887","887","74106.516","74106.516","74106.516","892","892","892","74103.44","74103.44","74103.44","875","875","875","110468.31","110468.31","110468.31","883","883","883"
"323584","74993.164","74993.164","74993.164","898","898","898","74992.836","74992.836","74992.836","904","904","904","74989.4","74989.4","74989.4","886","886","886","111866.91","111866.91","111866.91","895","895","895"
"327680","75879.484","75879.484","75879.484","909","909","909","75879.02","75879.02","75879.02","915","915","915","75875.55","75875.55","75875.55","897","897","897","113265.266","113265.266","113265.266","906","906","906"
"331776","76765.44","76765.44","76765.44","921","921","921","76764.73","76764.73","76764.73","926","926","926","76761.55","76761.55","76761.55","908","908","908","114663.305","114663.305","114663.305","917","917","917"
"335872","77651.26","77651.26","77651.26","932","932","932","77650.76","77650.76","77650.76","937","937","937","77647.46","77647.46","77647.46","919","919","919","116061.9","116061.9","116061.9","929","929","929"
"339968","78537.734","78537.734","78537.734","943","943","943","78536.89","78536.89","78536.89","948","948","948","78533.516","78533.516","78533.516","930","930","930","117459.97","117459.97","117459.97","941","941","941"
"344064","79424.016","79424.016","79424.016","954","954","954","79423.08","79423.08","79423.08","959","959","959","79419.55","79419.55","79419.55","942","942","942","118858.805","118858.805","118858.805","953","953","953"
"348160","80310.17","80310.17","80310.17","966","966","966","80308.89","80308.89","80308.89","970","970","970","80305.69","80305.69","80305.69","953","953","953","120257.21","120257.21","120257.21","964","964","964"
"352256","81196.35","81196.35","81196.35","977","977","977","81195.086","81195.086","81195.086","982","982","982","81191.11","81191.11","81191.11","964","964","964","121656.05","121656.05","121656.05","976","976","976"
"356352","82082.29","82082.29","82082.29","988","988","988","82081.43","82081.43","82081.43","993","993","993","82077.25","82077.25","82077.25","975","975","975","123055.02","123055.02","123055.02","987","987","987"
"360448","82968.016","82968.016","82968.016","999","999","999","82967.375","82967.375","82967.375","1004","1004","1004","82963.33","82963.33","82963.33","986","986","986","124454.01","124454.01","124454.01","998","998","998"
"364544","83854.03","83854.03","83854.03","1010","1010","1010","83852.875","83852.875","83852.875","1015","1015","1015","83849.23","83849.23","83849.23","997","997","997","125852.734","125852.734","125852.734","1009","1009","1009"
"368640","84740.39","84740.39","84740.39","1021","1021","1021","84738.93","84738.93","84738.93","1026","1026","1026","84735.49","84735.49","84735.49","1008","1008","1008","127250.93","127250.93","127250.93","1020","1020","1020"
"372736","85626.31","85626.31","85626.31","1033","1033","1033","85625.31","85625.31","85625.31","1037","1037","1037","85621.68","85621.68","85621.68","1019","1019","1019","128649.56","128649.56","128649.56","1031","1031","1031"
"376832","86512.13","86512.13","86512.13","1044","1044","1044","86511.45","86511.45","86511.45","1048","1048","1048","86507.68","86507.68","86507.68","1031","1031","1031","130048.33","130048.33","130048.33","1042","1042","1042"
"380928","87398.055","87398.055","87398.055","1055","1055","1055","87397.75","87397.75","87397.75","1060","1060","1060","87393.32","87393.32","87393.32","1042","1042","1042","131447.36","131447.36","131447.36","1053","1053","1053"
"385024","88284.055","88284.055","88284.055","1066","1066","1066","88284.01","88284.01","88284.01","1071","1071","1071","88279.13","88279.13","88279.13","1053","1053","1053","132846.06","132846.06","132846.06","1064","1064","1064"
"389120","89169.38","89169.38","89169.38","1077","1077","1077","89170.25","89170.25","89170.25","1082","1082","1082","89165.266","89165.266","89165.266","1064","1064","1064","134244.45","134244.45","134244.45","1076","1076","1076"
"393216","90055.65","90055.65","90055.65","1088","1088","1088","90055.89","90055.89","90055.89","1093","1093","1093","90051.35","90051.35","90051.35","1075","1075","1075","135643.14","135643.14","135643.14","1087","1087","1087"
"397312","90941.65","90941.65","90941.65","1099","1099","1099","90941.45","90941.45","90941.45","1104","1104","1104","90937.55","90937.55","90937.55","1086","1086","1086","137041.64","137041.64","137041.64","1098","1098","1098"
"401408","91827.734","91827.734","91827.734","1110","1110","1110","91827.734","91827.734","91827.734","1115","1115","1115","91823.51","91823.51","91823.51","1097","1097","1097","138440.05","138440.05","138440.05","1109","1109","1109"
"405504","92713.54","92713.54","92713.54","1121","1121","1121","92713.945","92713.945","92713.945","1126","1126","1126","92709.414","92709.414","92709.414","1108","1108","1108","139838.81","139838.81","139838.81","1120","1120","1120"
"409600","93599.836","93599.836","93599.836","1133","1133","1133","93600.19","93600.19","93600.19","1137","1137","1137","93595.516","93595.516","93595.516","1119","1119","1119","141237.36","141237.36","141237.36","1131","1131","1131"
"413696","94486.086","94486.086","94486.086","1144","1144","1144","94486.07","94486.07","94486.07","1148","1148","1148","94481.51","94481.51","94481.51","1130","1130","1130","142636.12","142636.12","142636.12","1142","1142","1142"
"417792","95371.836","95371.836","95371.836","1155","1155","1155","95371.87","95371.87","95371.87","1160","1160","1160","95367.53","95367.53","95367.53","1141","1141","1141","144035.08","144035.08","144035.08","1153","1153","1153"
"421888","96257.875","96257.875","96257.875","1167","1167","1167","96257.85","96257.85","96257.85","1171","1171","1171","96253.3","96253.3","96253.3","1153","1153","1153","145434.08","145434.08","145434.08","1164","1164","1164"
"425984","97143.94","97143.94","97143.94","1178","1178","1178","97144.24","97144.24","97144.24","1182","1182","1182","97139.695","97139.695","97139.695","1164","1164","1164","146832.48","146832.48","146832.48","1176","1176","1176"
"430080","98029.88","98029.88","98029.88","1189","1189","1189","98030.25","98030.25","98030.25","1193","1193","1193","98025.59","98025.59","98025.59","1175","1175","1175","148231.36","148231.36","148231.36","1187","1187","1187"
"434176","98915.945","98915.945","98915.945","1200","1200","1200","98916.11","98916.11","98916.11","1204","1204","1204","98912.01","98912.01","98912.01","1186","1186","1186","149630.14","149630.14","149630.14","1198","1198","1198"
"438272","99801.67","99801.67","99801.67","1211","1211","1211","99802.125","99802.125","99802.125","1215","1215","1215","99797.93","99797.93","99797.93","1197","1197","1197","151028.98","151028.98","151028.98","1209","1209","1209"
"442368","100687.74","100687.74","100687.74","1222","1222","1222","100688.46","100688.46","100688.46","1226","1226","1226","100683.8","100683.8","100683.8","1208","1208","1208","152427.55","152427.55","152427.55","1220","1220","1220"
"446464","101573.84","101573.84","101573.84","1233","1233","1233","101574.57","101574.57","101574.57","1237","1237","1237","101570.07","101570.07","101570.07","1219","1219","1219","153825.95","153825.95","153825.95","1231","1231","1231"
"450560","102459.836","102459.836","102459.836","1244","1244","1244","102460.76","102460.76","102460.76","1248","1248","1248","102455.88","102455.88","102455.88","1230","1230","1230","155224.05","155224.05","155224.05","1242","1242","1242"
"454656","103346.164","103346.164","103346.164","1256","1256","1256","103347.055","103347.055","103347.055","1259","1259","1259","103341.78","103341.78","103341.78","1241","1241","1241","156622.7","156622.7","156622.7","1254","1254","1254"
"458752","104232.04","104232.04","104232.04","1267","1267","1267","104233.414","104233.414","104233.414","1270","1270","1270","104227.39","104227.39","104227.39","1252","1252","1252","158021.06","158021.06","158021.06","1265","1265","1265"
"462848","105118.03","105118.03","105118.03","1278","1278","1278","105119.62","105119.62","105119.62","1282","1282","1282","105113.46","105113.46","105113.46","1263","1263","1263","159419.39","159419.39","159419.39","1276","1276","1276"
"466944","106004.414","106004.414","106004.414","1289","1289","1289","106005.84","106005.84","106005.84","1293","1293","1293","105999.766","105999.766","105999.766","1275","1275","1275","160818.2","160818.2","160818.2","1288","1288","1288"
"471040","106890.21","106890.21","106890.21","1300","1300","1300","106891.73","106891.73","106891.73","1304","1304","1304","106885.555","106885.555","106885.555","1286","1286","1286","162216.75","162216.75","162216.75","1299","1299","1299"
"475136","107776.38","107776.38","107776.38","1311","1311","1311","107778.29","107778.29","107778.29","1315","1315","1315","107771.51","107771.51","107771.51","1297","1297","1297","163615.38","163615.38","163615.38","1310","1310","1310"
"479232","108662.555","108662.555","108662.555","1322","1322","1322","108664.64","108664.64","108664.64","1326","1326","1326","108657.53","108657.53","108657.53","1308","1308","1308","165013.89","165013.89","165013.89","1321","1321","1321"
"483328","109549.016","109549.016","109549.016","1333","1333","1333","109550.89","109550.89","109550.89","1337","1337","1337","109543.14","109543.14","109543.14","1319","1319","1319","166412.25","166412.25","166412.25","1332","1332","1332"
"487424","110434.9","110434.9","110434.9","1344","1344","1344","110436.85","110436.85","110436.85","1348","1348","1348","110428.95","110428.95","110428.95","1330","1330","1330","167810.42","167810.42","167810.42","1343","1343","1343"
"491520","111320.98","111320.98","111320.98","1355","1355","1355","111323.14","111323.14","111323.14","1359","1359","1359","111315.3","111315.3","111315.3","1341","1341","1341","169209.19","169209.19","169209.19","1354","1354","1354"
"495616","112206.69","112206.69","112206.69","1366","1366","1366","112209.13","112209.13","112209.13","1370","1370","1370","112201.516","112201.516","112201.516","1352","1352","1352","170607.86","170607.86","170607.86","1365","1365","1365"
"499712","113092.86","113092.86","113092.86","1378","1378","1378","113095.37","113095.37","113095.37","1381","1381","1381","113087.6","113087.6","113087.6","1363","1363","1363","172006.05","172006.05","172006.05","1376","1376","1376"
"503808","113979.06","113979.06","113979.06","1389","1389","1389","113981.62","113981.62","113981.62","1393","1393","1393","113973.59","113973.59","113973.59","1374","1374","1374","173404.64","173404.64","173404.64","1388","1388","1388"
"507904","114865.445","114865.445","114865.445","1400","1400","1400","114868.18","114868.18","114868.18","1404","1404","1404","114859.78","114859.78","114859.78","1385","1385","1385","174803.42","174803.42","174803.42","1399","1399","1399"
"512000","115751.68","115751.68","115751.68","1411","1411","1411","115753.97","115753.97","115753.97","1415","1415","1415","115745.82","115745.82","115745.82","1397","1397","1397","176201.98","176201.98","176201.98","1410","1410","1410"
"516096","116637.82","116637.82","116637.82","1422","1422","1422","116639.78","116639.78","116639.78","1426","1426","1426","116632.09","116632.09","116632.09","1408","1408","1408","177600.45","177600.45","177600.45","1421","1421","1421"
"520192","117523.83","117523.83","117523.83","1433","1433","1433","117525.78","117525.78","117525.78","1437","1437","1437","117517.92","117517.92","117517.92","1419","1419","1419","178999.14","178999.14","178999.14","1432","1432","1432"
"524288","118409.805","118409.805","118409.805","1444","1444","1444","118412.4","118412.4","118412.4","1448","1448","1448","118404.17","118404.17","118404.17","1430","1430","1430","180397.34","180397.34","180397.34","1443","1443","1443"
"528384","119295.81","119295.81","119295.81","1455","1455","1455","119298.234","119298.234","119298.234","1459","1459","1459","119290.6","119290.6","119290.6","1441","1441","1441","181795.77","181795.77","181795.77","1454","1454","1454"
"532480","120182","120182","120182","1466","1466","1466","120184.57","120184.57","120184.57","1470","1470","1470","120176.6","120176.6","120176.6","1452","1452","1452","183194.42","183194.42","183194.42","1465","1465","1465"
"536576","121068.26","121068.26","121068.26","1477","1477","1477","121070.47","121070.47","121070.47","1481","1481","1481","121062.25","121062.25","121062.25","1463","1463","1463","184592.81","184592.81","184592.81","1476","1476","1476"
"540672","121954.56","121954.56","121954.56","1488","1488","1488","121956.27","121956.27","121956.27","1493","1493","1493","121948.32","121948.32","121948.32","1474","1474","1474","185991.3","185991.3","185991.3","1488","1488","1488"
"544768","122840.53","122840.53","122840.53","1500","1500","1500","122842.48","122842.48","122842.48","1504","1504","1504","122834.27","122834.27","122834.27","1485","1485","1485","187389.7","187389.7","187389.7","1499","1499","1499"
"548864","123726.57","123726.57","123726.57","1511","1511","1511","123728.23","123728.23","123728.23","1515","1515","1515","123720.59","123720.59","123720.59","1496","1496","1496","188787.95","188787.95","188787.95","1510","1510","1510"
"552960","124612.78","124612.78","124612.78","1522","1522","1522","124614.66","124614.66","124614.66","1526","1526","1526","124606.96","124606.96","124606.96","1507","1507","1507","190186.6","190186.6","190186.6","1521","1521","1521"
"557056","125499.05","125499.05","125499.05","1533","1533","1533","125501.17","125501.17","125501.17","1537","1537","1537","125492.6","125492.6","125492.6","1519","1519","1519","191585.39","191585.39","191585.39","1532","1532","1532"
"561152","126384.91","126384.91","126384.91","1544","1544","1544","126386.75","126386.75","126386.75","1549","1549","1549","126378.836","126378.836","126378.836","1530","1530","1530","192983.97","192983.97","192983.97","1543","1543","1543"
"565248","127270.69","127270.69","127270.69","1555","1555","1555","127273.07","127273.07","127273.07","1560","1560","1560","127265.086","127265.086","127265.086","1541","1541","1541","194382.69","194382.69","194382.69","1555","1555","1555"
"569344","128155.98","128155.98","128155.98","1566","1566","1566","128159.25","128159.25","128159.25","1571","1571","1571","128151.22","128151.22","128151.22","1552","1552","1552","195781.56","195781.56","195781.56","1566","1566","1566"
"573440","129042.23","129042.23","129042.23","1577","1577","1577","129045.266","129045.266","129045.266","1582","1582","1582","129037.086","129037.086","129037.086","1563","1563","1563","197180.02","197180.02","197180.02","1577","1577","1577"
"577536","129928.61","129928.61","129928.61","1588","1588","1588","129931.29","129931.29","129931.29","1593","1593","1593","129923.17","129923.17","129923.17","1574","1574","1574","198578.75","198578.75","198578.75","1588","1588","1588"
"581632","130814.836","130814.836","130814.836","1600","1600","1600","130817.33","130817.33","130817.33","1605","1605","1605","130809.055","130809.055","130809.055","1585","1585","1585","199977.66","199977.66","199977.66","1599","1599","1599"
"585728","131701.12","131701.12","131701.12","1611","1611","1611","131703.81","131703.81","131703.81","1616","1616","1616","131694.64","131694.64","131694.64","1596","1596","1596","201376.47","201376.47","201376.47","1610","1610","1610"
"589824","132587.33","132587.33","132587.33","1622","1622","1622","132590.06","132590.06","132590.06","1628","1628","1628","132580.72","132580.72","132580.72","1607","1607","1607","202775.58","202775.58","202775.58","1621","1621","1621"
"593920","133473.48","133473.48","133473.48","1633","1633","1633","133475.86","133475.86","133475.86","1639","1639","1639","133467","133467","133467","1618","1618","1618","204174.12","204174.12","204174.12","1632","1632","1632"
"598016","134359.86","134359.86","134359.86","1644","1644","1644","134362.22","134362.22","134362.22","1651","1651","1651","134353.02","134353.02","134353.02","1629","1629","1629","205572.77","205572.77","205572.77","1643","1643","1643"
"602112","135245.97","135245.97","135245.97","1655","1655","1655","135248.19","135248.19","135248.19","1663","1663","1663","135239.33","135239.33","135239.33","1641","1641","1641","206971.66","206971.66","206971.66","1655","1655","1655"
"606208","136132.06","136132.06","136132.06","1666","1666","1666","136134.44","136134.44","136134.44","1674","1674","1674","136125.38","136125.38","136125.38","1652","1652","1652","208370.38","208370.38","208370.38","1666","1666","1666"
"610304","137018.22","137018.22","137018.22","1677","1677","1677","137020.38","137020.38","137020.38","1686","1686","1686","137011.33","137011.33","137011.33","1663","1663","1663","209768.47","209768.47","209768.47","1677","1677","1677"
"614400","137904.58","137904.58","137904.58","1689","1689","1689","137906.55","137906.55","137906.55","1697","1697","1697","137897.42","137897.42","137897.42","1674","1674","1674","211167.3","211167.3","211167.3","1688","1688","1688"
"618496","138790.3","138790.3","138790.3","1700","1700","1700","138792.31","138792.31","138792.31","1708","1708","1708","138783.8","138783.8","138783.8","1685","1685","1685","212565.84","212565.84","212565.84","1699","1699","1699"
"622592","139676.36","139676.36","139676.36","1711","1711","1711","139678.53","139678.53","139678.53","1719","1719","1719","139670.05","139670.05","139670.05","1696","1696","1696","213964.22","213964.22","213964.22","1710","1710","1710"
"626688","140562.75","140562.75","140562.75","1723","1723","1723","140564.39","140564.39","140564.39","1730","1730","1730","140555.95","140555.95","140555.95","1707","1707","1707","215363","215363","215363","1721","1721","1721"
"630784","141449.02","141449.02","141449.02","1734","1734","1734","141450.75","141450.75","141450.75","1741","1741","1741","141442.02","141442.02","141442.02","1718","1718","1718","216761.69","216761.69","216761.69","1732","1732","1732"
"634880","142335.1","142335.1","142335.1","1745","1745","1745","142337.52","142337.52","142337.52","1752","1752","1752","142327.89","142327.89","142327.89","1729","1729","1729","218160.81","218160.81","218160.81","1743","1743","1743"
"638976","143221.78","143221.78","143221.78","1756","1756","1756","143223.67","143223.67","143223.67","1764","1764","1764","143213.83","143213.83","143213.83","1740","1740","1740","219559.9","219559.9","219559.9","1755","1755","1755"
"643072","144108.22","144108.22","144108.22","1767","1767","1767","144109.9","144109.9","144109.9","1776","1776","1776","144099.7","144099.7","144099.7","1751","1751","1751","220958.78","220958.78","220958.78","1766","1766","1766"
"647168","144994.5","144994.5","144994.5","1778","1778","1778","144996.08","144996.08","144996.08","1787","1787","1787","144985.44","144985.44","144985.44","1763","1763","1763","222357.86","222357.86","222357.86","1777","1777","1777"
"651264","145880.44","145880.44","145880.44","1789","1789","1789","145882.05","145882.05","145882.05","1799","1799","1799","145871.56","145871.56","145871.56","1774","1774","1774","223756.97","223756.97","223756.97","1788","1788","1788"
"655360","146766.48","146766.48","146766.48","1800","1800","1800","146768.05","146768.05","146768.05","1810","1810","1810","146758.12","146758.12","146758.12","1785","1785","1785","225155.58","225155.58","225155.58","1799","1799","1799"
"659456","147652.52","147652.52","147652.52","1811","1811","1811","147654.25","147654.25","147654.25","1821","1821","1821","147644.23","147644.23","147644.23","1796","1796","1796","226554.6","226554.6","226554.6","1811","1811","1811"
"663552","148538.78","148538.78","148538.78","1822","1822","1822","148539.92","148539.92","148539.92","1832","1832","1832","148530.67","148530.67","148530.67","1807","1807","1807","227953.22","227953.22","227953.22","1822","1822","1822"
"667648","149424.72","149424.72","149424.72","1834","1834","1834","149425.98","149425.98","149425.98","1843","1843","1843","149417.1","149417.1","149417.1","1818","1818","1818","229351.34","229351.34","229351.34","1833","1833","1833"
"671744","150310.64","150310.64","150310.64","1845","1845","1845","150311.97","150311.97","150311.97","1854","1854","1854","150303.48","150303.48","150303.48","1829","1829","1829","230749.94","230749.94","230749.94","1844","1844","1844"
"675840","151196.86","151196.86","151196.86","1856","1856","1856","151197.75","151197.75","151197.75","1865","1865","1865","151189.77","151189.77","151189.77","1840","1840","1840","232148.84","232148.84","232148.84","1855","1855","1855"
"679936","152082.75","152082.75","152082.75","1867","1867","1867","152083.17","152083.17","152083.17","1876","1876","1876","152075.92","152075.92","152075.92","1851","1851","1851","233547.44","233547.44","233547.44","1866","1866","1866"
"684032","152969.2","152969.2","152969.2","1879","1879","1879","152969.69","152969.69","152969.69","1887","1887","1887","152961.83","152961.83","152961.83","1862","1862","1862","234946.12","234946.12","234946.12","1878","1878","1878"
"688128","153855.16","153855.16","153855.16","1890","1890","1890","153855.88","153855.88","153855.88","1898","1898","1898","153847.83","153847.83","153847.83","1874","1874","1874","236345.14","236345.14","236345.14","1889","1889","1889"
"692224","154741.27","154741.27","154741.27","1901","1901","1901","154741.95","154741.95","154741.95","1909","1909","1909","154733.73","154733.73","154733.73","1885","1885","1885","237744.27","237744.27","237744.27","1900","1900","1900"
"696320","155627.45","155627.45","155627.45","1912","1912","1912","155627.89","155627.89","155627.89","1921","1921","1921","155619.92","155619.92","155619.92","1896","1896","1896","239143.17","239143.17","239143.17","1911","1911","1911"
"700416","156513.56","156513.56","156513.56","1923","1923","1923","156513.02","156513.02","156513.02","1932","1932","1932","156505.72","156505.72","156505.72","1907","1907","1907","240542.39","240542.39","240542.39","1922","1922","1922"
"704512","157399.6","157399.6","157399.6","1934","1934","1934","157399.31","157399.31","157399.31","1943","1943","1943","157391.67","157391.67","157391.67","1918","1918","1918","241941.55","241941.55","241941.55","1933","1933","1933"
"708608","158285.83","158285.83","158285.83","1945","1945","1945","158285.64","158285.64","158285.64","1954","1954","1954","158277.97","158277.97","158277.97","1929","1929","1929","243340.7","243340.7","243340.7","1944","1944","1944"
"712704","159172.36","159172.36","159172.36","1956","1956","1956","159171.48","159171.48","159171.48","1965","1965","1965","159163.75","159163.75","159163.75","1940","1940","1940","244739.8","244739.8","244739.8","1956","1956","1956"
"716800","160058.58","160058.58","160058.58","1967","1967","1967","160057.44","160057.44","160057.44","1976","1976","1976","160049.94","160049.94","160049.94","1951","1951","1951","246139.16","246139.16","246139.16","1967","1967","1967"
"720896","160945","160945","160945","1978","1978","1978","160943.77","160943.77","160943.77","1987","1987","1987","160935.62","160935.62","160935.62","1962","1962","1962","247538.02","247538.02","247538.02","1978","1978","1978"
"724992","161831.11","161831.11","161831.11","1989","1989","1989","161830.05","161830.05","161830.05","1998","1998","1998","","","","","","","248936.52","248936.52","248936.52","1989","1989","1989"
"729088","162717.48","162717.48","162717.48","2001","2001","2001","162716.36","162716.36","162716.36","2009","2009","2009","","","","","","","250335.48","250335.48","250335.48","2000","2000","2000"
"733184","163603.97","163603.97","163603.97","2012","2012","2012","163602.67","163602.67","163602.67","2020","2020","2020","","","","","","","251734.33","251734.33","251734.33","2011","2011","2011"
"737280","164489.95","164489.95","164489.95","2023","2023","2023","164489.08","164489.08","164489.08","2032","2032","2032","","","","","","","253133.38","253133.38","253133.38","2022","2022","2022"
"741376","165375.62","165375.62","165375.62","2034","2034","2034","165375.75","165375.75","165375.75","2043","2043","2043","","","","","","","254532.4","254532.4","254532.4","2034","2034","2034"
"745472","","","","","","","166262","166262","166262","2054","2054","2054","","","","","","","255931.12","255931.12","255931.12","2045","2045","2045"
"749568","","","","","","","","","","","","","","","","","","","257329.64","257329.64","257329.64","2056","2056","2056"
"753664","","","","","","","","","","","","","","","","","","","258728.31","258728.31","258728.31","2067","2067","2067"
"757760","","","","","","","","","","","","","","","","","","","260126.75","260126.75","260126.75","2078","2078","2078"
"761856","","","","","","","","","","","","","","","","","","","261525.48","261525.48","261525.48","2089","2089","2089"
"765952","","","","","","","","","","","","","","","","","","","262924.22","262924.22","262924.22","2101","2101","2101"
"770048","","","","","","","","","","","","","","","","","","","264323.12","264323.12","264323.12","2112","2112","2112"
"774144","","","","","","","","","","","","","","","","","","","265722.38","265722.38","265722.38","2123","2123","2123"
"778240","","","","","","","","","","","","","","","","","","","267121.38","267121.38","267121.38","2134","2134","2134"
"782336","","","","","","","","","","","","","","","","","","","268520.5","268520.5","268520.5","2145","2145","2145"
"786432","","","","","","","","","","","","","","","","","","","269918.88","269918.88","269918.88","2157","2157","2157"
"790528","","","","","","","","","","","","","","","","","","","271317.8","271317.8","271317.8","2168","2168","2168"
"794624","","","","","","","","","","","","","","","","","","","272716.6","272716.6","272716.6","2179","2179","2179"